"sound.files","selec","channel","start","end","bottom.freq","top.freq"
"ch1MPI2020-01-17_08-44-19_0000028.wav",1,1,23.2154,23.2663999999999,13.3548,42.8226
"ch1MPI2020-01-17_08-44-19_0000028.wav",2,1,29.5948,29.6457999999999,13.3548,42.8226
"ch1MPI2020-01-17_08-44-19_0000028.wav",3,1,34.8001,34.8510999999999,13.3548,42.8226
"ch1MPI2020-01-17_08-44-19_0000028.wav",4,1,40.7528,40.8038000000002,13.3548,42.8226
"ch1MPI2020-01-17_08-44-19_0000028.wav",5,1,43.7495,43.8004999999999,13.3548,42.8226
"ch1MPI2020-01-17_08-44-19_0000028.wav",6,1,59.0996,59.1505999999999,13.3548,42.8226
"ch1MPI2020-01-17_08-44-19_0000028.wav",7,1,74.4036,74.4545999999999,13.3548,42.8226
"ch1MPI2020-01-17_08-44-19_0000028.wav",8,1,100.1317,100.1827,13.3548,42.8226
"ch1MPI2020-01-17_08-44-19_0000028.wav",9,1,111.9631,112.0141,13.3548,42.8226
"ch1MPI2020-01-17_08-44-19_0000028.wav",10,1,111.9638,112.0148,13.3548,42.8226
"ch1MPI2020-01-17_08-44-19_0000028.wav",11,1,118.1698,118.2208,13.3548,42.8226
"ch1MPI2020-01-23_10-30-35_0000106.wav",12,1,50.411,50.4619999999999,13.3548,42.8226
"ch1MPI2020-01-23_10-30-35_0000106.wav",13,1,61.5378,61.5887999999999,13.3548,42.8226
"ch1MPI2020-01-23_10-30-35_0000106.wav",14,1,63.4291,63.4801000000004,13.3548,42.8226
"ch1MPI2020-01-23_10-30-35_0000106.wav",15,1,69.8018,69.8527999999999,13.3548,42.8226
"ch1MPI2020-01-23_10-30-35_0000106.wav",16,1,76.9039,76.9548999999999,13.3548,42.8226
"ch1MPI2020-01-23_10-30-35_0000106.wav",17,1,79.9139,79.9648999999999,13.3548,42.8226
"ch1MPI2020-01-23_10-30-35_0000106.wav",18,1,84.1299,84.1808999999999,13.3548,42.8226
"ch1MPI2020-01-23_10-30-35_0000106.wav",19,1,89.1446,89.1955999999999,13.3548,42.8226
"ch1MPI2020-01-23_10-30-35_0000106.wav",20,1,95.234,95.2849999999999,13.3548,42.8226
"ch1MPI2020-01-23_10-30-35_0000106.wav",21,1,102.4434,102.4944,13.3548,42.8226
"ch1MPI2020-01-23_10-30-35_0000106.wav",22,1,104.2407,104.2917,13.3548,42.8226
"ch1MPI2020-01-23_10-30-35_0000106.wav",23,1,104.2421,104.2931,13.3548,42.8226
"ch1MPI2020-01-23_10-30-35_0000106.wav",24,1,110.5441,110.5951,13.3548,42.8226
"ch1MPI2020-01-23_10-30-35_0000106.wav",25,1,117.3182,117.3692,13.3548,42.8226
"ch1MPI2020-01-23_10-30-35_0000106.wav",26,1,117.3195,117.3705,13.3548,42.8226
"ch1MPI2020-01-23_10-30-35_0000106.wav",27,1,121.9095,121.9605,13.3548,42.8226
"ch1MPI2020-01-23_10-30-35_0000106.wav",28,1,125.5216,125.5726,13.3548,42.8226
"ch1MPI_2020-01-30_15-06-38_0000193.wav",29,1,20.9007,20.9516999999999,13.3548,42.8226
"ch1MPI_2020-01-30_15-06-38_0000193.wav",30,1,22.9134,22.9643999999999,13.3548,42.8226
"ch1MPI_2020-01-30_15-06-38_0000193.wav",31,1,35.1854,35.2363999999999,13.3548,42.8226
"ch1MPI_2020-01-30_15-06-38_0000193.wav",32,1,40.098,40.1489999999999,13.3548,42.8226
"ch1MPI_2020-01-30_15-06-38_0000193.wav",33,1,40.5687,40.6196999999999,13.3548,42.8226
"ch1MPI_2020-01-30_15-06-38_0000193.wav",34,1,42.9961,43.0470999999999,13.3548,42.8226
"ch1MPI_2020-01-30_15-06-38_0000193.wav",35,1,43.6427,43.6936999999999,13.3548,42.8226
"ch1MPI_2020-01-30_15-06-38_0000193.wav",36,1,48.1394,48.1903999999999,13.3548,42.8226
"ch1MPI_2020-01-30_15-06-38_0000193.wav",37,1,49.9354,49.9863999999999,13.3548,42.8226
"ch1MPI_2020-01-30_15-06-38_0000193.wav",38,1,52.6807,52.7316999999999,13.3548,42.8226
"ch1MPI_2020-01-30_15-06-38_0000193.wav",39,1,59.3447,59.3956999999999,13.3548,42.8226
"ch1MPI_2020-01-30_15-06-38_0000193.wav",40,1,59.4007,59.4516999999999,13.3548,42.8226
"ch1MPI_2020-01-30_15-06-38_0000193.wav",41,1,59.7921,59.8430999999999,13.3548,42.8226
"ch1MPI_2020-01-30_15-06-38_0000193.wav",42,1,60.2294,60.2803999999999,13.3548,42.8226
"ch1MPI_2020-01-30_15-06-38_0000193.wav",43,1,60.2327,60.2837000000004,13.3548,42.8226
"ch1MPI_2020-01-30_15-06-38_0000193.wav",44,1,61.2681,61.3190999999999,13.3548,42.8226
"ch1MPI_2020-01-30_15-06-38_0000193.wav",45,1,61.9541,62.0051000000004,13.3548,42.8226
"ch1MPI_2020-01-30_15-06-38_0000193.wav",46,1,67.6094,67.6603999999999,13.3548,42.8226
"ch1MPI_2020-01-30_15-06-38_0000193.wav",47,1,68.8148,68.8657999999999,13.3548,42.8226
"ch1MPI_2020-01-30_15-06-38_0000193.wav",48,1,69.1394,69.1904000000004,13.3548,42.8226
"ch1MPI_2020-01-30_15-06-38_0000193.wav",49,1,73.3394,73.3903999999999,13.3548,42.8226
"ch1MPI_2020-01-30_15-06-38_0000193.wav",50,1,75.0688,75.1197999999999,13.3548,42.8226
"ch1MPI_2020-01-30_15-06-38_0000193.wav",51,1,77.0801,77.1310999999999,13.3548,42.8226
"ch1MPI_2020-01-30_15-06-38_0000193.wav",52,1,78.8661,78.9170999999999,13.3548,42.8226
"ch1MPI_2020-01-30_15-06-38_0000193.wav",53,1,79.2648,79.3157999999999,13.3548,42.8226
"ch1MPI_2020-01-30_15-06-38_0000193.wav",54,1,82.6714,82.7223999999999,13.3548,42.8226
"ch1MPI_2020-01-30_15-06-38_0000193.wav",55,1,82.6728,82.7237999999999,13.3548,42.8226
"ch1MPI_2020-01-30_15-06-38_0000193.wav",56,1,85.5728,85.6238000000004,13.3548,42.8226
"ch1MPI_2020-01-30_15-06-38_0000193.wav",57,1,87.1148,87.1657999999999,13.3548,42.8226
"ch1MPI_2020-01-30_15-06-38_0000193.wav",58,1,90.2948,90.3457999999999,13.3548,42.8226
"ch1MPI_2020-01-30_15-06-38_0000193.wav",59,1,90.3481,90.3990999999999,13.3548,42.8226
"ch1MPI_2020-01-30_15-06-38_0000193.wav",60,1,94.2041,94.2550999999999,13.3548,42.8226
"ch1MPI_2020-01-30_15-06-38_0000193.wav",61,1,95.0921,95.1430999999999,13.3548,42.8226
"ch1MPI_2020-01-30_15-06-38_0000193.wav",62,1,99.1968,99.2477999999999,13.3548,42.8226
"ch1MPI_2020-01-30_15-06-38_0000193.wav",63,1,101.5695,101.6205,13.3548,42.8226
"ch1MPI_2020-01-30_15-06-38_0000193.wav",64,1,103.6488,103.6998,13.3548,42.8226
"ch1MPI_2020-01-30_15-06-38_0000193.wav",65,1,105.2461,105.2971,13.3548,42.8226
"ch1MPI_2020-01-30_15-06-38_0000193.wav",66,1,110.5608,110.6118,13.3548,42.8226
"ch1MPI_2020-01-30_15-06-38_0000193.wav",67,1,115.4275,115.4785,13.3548,42.8226
"ch1MPI_2020-01-30_15-06-38_0000193.wav",68,1,116.1135,116.1645,13.3548,42.8226
"ch1MPI_2020-01-30_15-06-38_0000193.wav",69,1,132.0928,132.1438,13.3548,42.8226
"ch1MPI_2020-01-30_15-06-38_0000193.wav",70,1,133.8495,133.9005,13.3548,42.8226
"ch1MPI_2020-01-30_15-06-38_0000193.wav",71,1,134.2195,134.2705,13.3548,42.8226
"ch1MPI_2020-01-30_15-06-38_0000193.wav",72,1,147.4995,147.5505,13.3548,42.8226
"ch1MPI_2020-01-30_15-06-38_0000193.wav",73,1,148.4449,148.4959,13.3548,42.8226
"ch1MPI_2020-01-30_15-06-38_0000193.wav",74,1,154.8189,154.8699,13.3548,42.8226
"ch1MPI_2020-01-30_15-06-38_0000193.wav",75,1,155.6629,155.7139,13.3548,42.8226
"ch1MPI_2020-01-30_15-06-38_0000193.wav",76,1,158.4675,158.5185,13.3548,42.8226
"ch1MPI_2020-01-30_15-06-38_0000193.wav",77,1,165.2236,165.2746,13.3548,42.8226
"ch1MPI_2020-01-30_15-06-38_0000193.wav",78,1,171.0816,171.1326,13.3548,42.8226
"ch1MPI_2020-01-30_15-06-38_0000193.wav",79,1,176.4977,176.52951561,26.648562,40.046375
"ch1MPI_2020-01-30_15-06-38_0000193.wav",80,1,183.2622,183.3132,13.3548,42.8226
"ch1MPI_2020-01-30_15-06-38_0000193.wav",81,1,187.4809,187.5319,13.3548,42.8226
"ch1MPI_2020-01-30_15-06-38_0000193.wav",82,1,195.1063,195.1573,13.3548,42.8226
"ch1MPI_2020-01-30_15-06-38_0000193.wav",83,1,196.4423,196.4933,13.3548,42.8226
"ch1MPI_2020-01-30_15-06-38_0000193.wav",84,1,205.7703,205.8213,13.3548,42.8226
"ch1MPI_2020-01-30_15-06-38_0000193.wav",85,1,231.5436,231.5946,13.3548,42.8226
"ch1MPI_2020-01-30_15-06-38_0000193.wav",86,1,240.977,241.028,13.3548,42.8226
"ch1MPI_2020-01-30_15-06-38_0000193.wav",87,1,244.3523,244.4033,13.3548,42.8226
"ch1MPI_2020-01-30_15-06-38_0000193.wav",88,1,244.3537,244.4047,13.3548,42.8226
"ch1MPI_2020-01-30_15-06-38_0000193.wav",89,1,251.3577,251.4087,13.3548,42.8226
"ch1MPI_2020-01-30_15-06-38_0000193.wav",90,1,259.841,259.892,13.3548,42.8226
"ch1MPI_2020-01-30_15-06-38_0000193.wav",91,1,260.263,260.314,13.3548,42.8226
"ch1MPI_2020-01-30_15-06-38_0000193.wav",92,1,272.3357,272.3867,13.3548,42.8226
"ch1MPI_2020-01-30_15-06-38_0000193.wav",93,1,277.1124,277.1634,13.3548,42.8226
"ch1MPI_2020-01-30_15-06-38_0000193.wav",94,1,304.6037,304.6547,13.3548,42.8226
"ch1MPI_2020-01-30_15-06-38_0000193.wav",95,1,327.7578,327.8088,13.3548,42.8226
"ch1MPI_2020-01-30_15-06-38_0000193.wav",96,1,336.9124,336.9634,13.3548,42.8226
"ch1MPI_2020-01-30_15-06-38_0000193.wav",97,1,358.3758,358.4268,13.3548,42.8226
"ch1MPI_2020-01-30_15-06-38_0000193.wav",98,1,373.7052,373.7562,13.3548,42.8226
"ch1MPI2020-01-16_11-46-10_0000018.wav",99,1,8.3334,8.38440000000038,13.3548,42.8226
"ch1MPI2020-01-16_11-46-10_0000018.wav",100,1,11.5047,11.5557000000004,13.3548,42.8226
"ch1MPI2020-01-16_11-46-10_0000018.wav",101,1,14.4901,14.5411000000004,13.3548,42.8226
"ch1MPI2020-01-16_11-46-10_0000018.wav",102,1,18.0654,18.1164000000004,13.3548,42.8226
"ch1MPI2020-01-16_11-46-10_0000018.wav",103,1,22.7194,22.7704000000004,13.3548,42.8226
"ch1MPI2020-01-16_11-46-10_0000018.wav",104,1,22.7268,22.7777999999995,13.3548,42.8226
"ch1MPI2020-01-16_11-46-10_0000018.wav",105,1,26.2628,26.3137999999995,13.3548,42.8226
"ch1MPI2020-01-16_11-46-10_0000018.wav",106,1,29.7761,29.8270999999995,13.3548,42.8226
"ch1MPI2020-01-16_11-46-10_0000018.wav",107,1,38.5142,38.5652000000004,13.3548,42.8226
"ch1MPI2020-01-16_11-46-10_0000018.wav",108,1,42.0288,42.0798000000004,13.3548,42.8226
"ch1MPI2020-01-16_11-46-10_0000018.wav",109,1,49.8162,49.8671999999995,13.3548,42.8226
"ch1MPI2020-01-16_11-46-10_0000018.wav",110,1,52.8989,52.9499000000004,13.3548,42.8226
"ch1MPI2020-01-16_11-46-10_0000018.wav",111,1,56.3096,56.3606000000004,13.3548,42.8226
"ch1MPI2020-01-16_11-46-10_0000018.wav",112,1,60.6449,60.6959000000004,13.3548,42.8226
"ch1MPI2020-01-16_11-46-10_0000018.wav",113,1,65.4209,65.4718999999995,13.3548,42.8226
"ch1MPI2020-01-16_11-46-10_0000018.wav",114,1,68.7443,68.7953000000004,13.3548,42.8226
"ch1MPI2020-01-16_11-46-10_0000018.wav",115,1,73.2523,73.3033000000004,13.3548,42.8226
"ch1MPI2020-01-16_11-46-10_0000018.wav",116,1,77.1643,77.2153000000004,13.3548,42.8226
"ch1MPI2020-01-16_11-46-10_0000018.wav",117,1,80.4123,80.4633000000004,13.3548,42.8226
"ch1MPI2020-01-16_11-46-10_0000018.wav",118,1,85.5863,85.6372999999995,13.3548,42.8226
"ch1MPI2020-01-16_11-46-10_0000018.wav",119,1,88.255,88.3059999999995,13.3548,42.8226
"ch1MPI2020-01-16_11-46-10_0000018.wav",120,1,93.4164,93.4673999999995,13.3548,42.8226
"ch1MPI2020-01-16_11-46-10_0000018.wav",121,1,94.9091,94.9601000000004,13.3548,42.8226
"ch1MPI2020-01-16_11-46-10_0000018.wav",122,1,99.8544,99.9054000000004,13.3548,42.8226
"ch1MPI2020-01-16_11-46-10_0000018.wav",123,1,101.4984,101.549399999999,13.3548,42.8226
"ch1MPI2020-01-16_11-46-10_0000018.wav",124,1,104.9491,105.0001,13.3548,42.8226
"ch1MPI2020-01-16_11-46-10_0000018.wav",125,1,109.5911,109.642099999999,13.3548,42.8226
"ch1MPI2020-01-16_11-46-10_0000018.wav",126,1,112.5085,112.5595,13.3548,42.8226
"ch1MPI2020-01-16_11-46-10_0000018.wav",127,1,115.3858,115.4368,13.3548,42.8226
"ch1MPI2020-01-16_11-46-10_0000018.wav",128,1,118.1518,118.202799999999,13.3548,42.8226
"ch1MPI2020-01-16_11-46-10_0000018.wav",129,1,120.1452,120.1962,13.3548,42.8226
"ch1MPI2020-01-16_11-46-10_0000018.wav",130,1,120.1505,120.2015,13.3548,42.8226
"ch1MPI2020-01-16_11-46-10_0000018.wav",131,1,122.9498,123.000799999999,13.3548,42.8226
"ch1MPI2020-01-16_13-40-58_0000019.wav",132,1,17.1707,17.2217000000004,13.3548,42.8226
"ch1MPI2020-01-16_13-40-58_0000019.wav",133,1,34.3188,34.3698000000004,13.3548,42.8226
"ch1MPI2020-01-16_13-40-58_0000019.wav",134,1,44.4915,44.5424999999995,13.3548,42.8226
"ch1MPI2020-01-16_13-40-58_0000019.wav",135,1,51.7516,51.8026000000004,13.3548,42.8226
"ch1MPI2020-01-16_13-40-58_0000019.wav",136,1,51.7562,51.8072000000004,13.3548,42.8226
"ch1MPI2020-01-16_13-40-58_0000019.wav",137,1,52.0162,52.0672000000004,13.3548,42.8226
"ch1MPI2020-01-16_13-40-58_0000019.wav",138,1,58.9183,58.9692999999995,13.3548,42.8226
"ch1MPI2020-01-16_13-40-58_0000019.wav",139,1,58.9703,59.0213000000004,13.3548,42.8226
"ch1MPI2020-01-16_13-40-58_0000019.wav",140,1,59.1236,59.1746000000004,13.3548,42.8226
"ch1MPI2020-01-16_13-40-58_0000019.wav",141,1,60.8496,60.9005999999995,13.3548,42.8226
"ch1MPI2020-01-16_13-40-58_0000019.wav",142,1,71.527,71.5779999999995,13.3548,42.8226
"ch1MPI2020-01-16_13-40-58_0000019.wav",143,1,85.1797,85.2307000000004,13.3548,42.8226
"ch1MPI2020-01-16_13-40-58_0000019.wav",144,1,99.0651,99.1161000000004,13.3548,42.8226
"ch1MPI2020-01-16_13-40-58_0000019.wav",145,1,99.0658,99.1167999999995,13.3548,42.8226
"ch1MPI2020-01-16_13-40-58_0000019.wav",146,1,104.9572,105.008199999999,13.3548,42.8226
"ch1MPI2020-01-16_13-40-58_0000019.wav",147,1,105.1692,105.2202,13.3548,42.8226
"ch1MPI2020-01-16_13-40-58_0000019.wav",148,1,107.0332,107.084199999999,13.3548,42.8226
"ch1MPI2020-01-16_13-40-58_0000019.wav",149,1,108.5905,108.6415,13.3548,42.8226
"ch1MPI2020-01-16_13-40-58_0000019.wav",150,1,112.9492,113.000199999999,13.3548,42.8226
"ch1MPI2020-01-16_13-40-58_0000019.wav",151,1,118.5266,118.5776,13.3548,42.8226
"ch1MPI2020-01-16_13-40-58_0000019.wav",152,1,127.0573,127.1083,13.3548,42.8226
"ch1MPI2020-01-16_13-40-58_0000019.wav",153,1,127.1426,127.1936,13.3548,42.8226
"ch1MPI2020-01-16_13-40-58_0000019.wav",154,1,131.418,131.469,13.3548,42.8226
"ch1MPI2020-01-16_13-40-58_0000019.wav",155,1,135.4227,135.473699999999,13.3548,42.8226
"ch1MPI2020-01-16_13-40-58_0000019.wav",156,1,139.916,139.967,13.3548,42.8226
"ch1MPI2020-01-16_13-40-58_0000019.wav",157,1,139.922,139.973,13.3548,42.8226
"ch1MPI2020-01-16_13-40-58_0000019.wav",158,1,141.9627,142.013699999999,13.3548,42.8226
"ch1MPI2020-01-16_13-40-58_0000019.wav",159,1,142.696,142.746999999999,13.3548,42.8226
"ch1MPI2020-01-16_13-40-58_0000019.wav",160,1,148.6827,148.7337,13.3548,42.8226
"ch1MPI2020-01-16_13-40-58_0000019.wav",161,1,149.7881,149.839099999999,13.3548,42.8226
"ch1MPI2020-01-16_13-40-58_0000019.wav",162,1,156.9414,156.992399999999,13.3548,42.8226
"ch1MPI2020-01-16_13-40-58_0000019.wav",163,1,157.9028,157.953799999999,13.3548,42.8226
"ch1MPI2020-01-16_13-40-58_0000019.wav",164,1,161.9154,161.966399999999,13.3548,42.8226
"ch1MPI2020-01-16_13-40-58_0000019.wav",165,1,166.1001,166.1511,13.3548,42.8226
"ch1MPI2020-01-16_13-40-58_0000019.wav",166,1,167.4255,167.4765,13.3548,42.8226
"ch1MPI2020-01-16_13-40-58_0000019.wav",167,1,168.3615,168.412499999999,13.3548,42.8226
"ch1MPI2020-01-16_13-40-58_0000019.wav",168,1,172.4535,172.5045,13.3548,42.8226
"ch1MPI2020-01-16_13-40-58_0000019.wav",169,1,172.7482,172.799199999999,13.3548,42.8226
"ch1MPI2020-01-16_13-40-58_0000019.wav",170,1,176.8849,176.935899999999,13.3548,42.8226
"ch1MPI2020-01-16_13-40-58_0000019.wav",171,1,179.3109,179.3619,13.3548,42.8226
"ch1MPI2020-01-16_13-40-58_0000019.wav",172,1,180.2809,180.331899999999,13.3548,42.8226
"ch1MPI2020-01-16_13-40-58_0000019.wav",173,1,183.9742,184.0252,13.3548,42.8226
"ch1MPI2020-01-16_13-40-58_0000019.wav",174,1,183.9809,184.0319,13.3548,42.8226
"ch1MPI2020-01-16_13-40-58_0000019.wav",175,1,184.2122,184.263199999999,13.3548,42.8226
"ch1MPI2020-01-16_13-40-58_0000019.wav",176,1,184.3982,184.4492,13.3548,42.8226
"ch1MPI2020-01-16_13-40-58_0000019.wav",177,1,187.8762,187.927199999999,13.3548,42.8226
"ch1MPI2020-01-16_13-40-58_0000019.wav",178,1,189.6089,189.6599,13.3548,42.8226
"ch1MPI2020-01-16_13-40-58_0000019.wav",179,1,190.9109,190.961899999999,13.3548,42.8226
"ch1MPI2020-01-16_13-40-58_0000019.wav",180,1,193.3823,193.4333,13.3548,42.8226
"ch1MPI2020-01-24_11-28-15_0000124.wav",181,1,16.9274,16.9784000000004,13.3548,42.8226
"ch1MPI2020-01-24_11-28-15_0000124.wav",182,1,22.9761,23.0270999999995,13.3548,42.8226
"ch1MPI2020-01-24_11-28-15_0000124.wav",183,1,22.9761,23.0270999999995,13.3548,42.8226
"ch1MPI2020-01-24_11-28-15_0000124.wav",184,1,31.0081,31.0591000000004,13.3548,42.8226
"ch1MPI2020-01-24_11-28-15_0000124.wav",185,1,36.0048,36.0558000000004,13.3548,42.8226
"ch1MPI2020-01-24_11-28-15_0000124.wav",186,1,46.9275,46.9784999999995,13.3548,42.8226
"ch1MPI2020-01-24_11-28-15_0000124.wav",187,1,52.1855,52.2365000000004,13.3548,42.8226
"ch1MPI2020-01-24_11-28-15_0000124.wav",188,1,56.2302,56.2812000000004,13.3548,42.8226
"ch1MPI2020-01-24_11-28-15_0000124.wav",189,1,61.6082,61.6592000000004,13.3548,42.8226
"ch1MPI2020-01-24_11-28-15_0000124.wav",190,1,71.5743,71.6253000000004,13.3548,42.8226
"ch1MPI2020-01-24_11-28-15_0000124.wav",191,1,77.709,77.7600000000004,13.3548,42.8226
"ch1MPI2020-01-24_11-28-15_0000124.wav",192,1,89.163,89.2139999999995,13.3548,42.8226
"ch1MPI2020-01-24_11-28-15_0000124.wav",193,1,116.5971,116.6481,13.3548,42.8226
"ch1MPI_2020-01-30_13-29-39_0000191.wav",194,1,15.0923,15.1432999999995,13.3548,42.8226
"ch1MPI_2020-01-30_13-29-39_0000191.wav",195,1,18.541,18.5919999999995,13.3548,42.8226
"ch1MPI_2020-01-30_13-29-39_0000191.wav",196,1,18.5423,18.5932999999995,13.3548,42.8226
"ch1MPI_2020-01-30_13-29-39_0000191.wav",197,1,23.9037,23.9546999999995,13.3548,42.8226
"ch1MPI_2020-01-30_13-29-39_0000191.wav",198,1,27.8818,27.9327999999995,13.3548,42.8226
"ch1MPI_2020-01-30_13-29-39_0000191.wav",199,1,28.2172,28.2682000000004,13.3548,42.8226
"ch1MPI_2020-01-30_13-29-39_0000191.wav",200,1,32.1652,32.2161999999995,13.3548,42.8226
"ch1MPI_2020-01-30_13-29-39_0000191.wav",201,1,33.5359,33.5869000000004,13.3548,42.8226
"ch1MPI_2020-01-30_13-29-39_0000191.wav",202,1,37.822,37.8730000000004,13.3548,42.8226
"ch1MPI_2020-01-30_13-29-39_0000191.wav",203,1,40.5314,40.5823999999995,13.3548,42.8226
"ch1MPI_2020-01-30_13-29-39_0000191.wav",204,1,42.2434,42.2944000000004,13.3548,42.8226
"ch1MPI2020-01-23_10-04-56_0000102.wav",205,1,11.178,11.2290000000004,13.3548,42.8226
"ch1MPI2020-01-23_10-04-56_0000102.wav",206,1,19.0387,19.0897000000004,13.3548,42.8226
"ch1MPI2020-01-23_10-04-56_0000102.wav",207,1,24.4074,24.4583999999995,13.3548,42.8226
"ch1MPI2020-01-23_10-04-56_0000102.wav",208,1,31.5335,31.5844999999995,13.3548,42.8226
"ch1MPI2020-01-23_10-04-56_0000102.wav",209,1,35.4222,35.4731999999995,13.3548,42.8226
"ch1MPI2020-01-23_10-04-56_0000102.wav",210,1,41.1128,41.1638000000004,13.3548,42.8226
"ch1MPI2020-01-23_10-04-56_0000102.wav",211,1,47.0729,47.1239000000004,13.3548,42.8226
"ch1MPI2020-01-23_10-04-56_0000102.wav",212,1,53.7362,53.7871999999995,13.3548,42.8226
"ch1MPI2020-01-23_10-04-56_0000102.wav",213,1,61.0323,61.0833000000004,13.3548,42.8226
"ch1MPI2020-01-23_10-04-56_0000102.wav",214,1,67.1463,67.1973000000004,13.3548,42.8226
"ch1MPI2020-01-23_10-04-56_0000102.wav",215,1,72.5317,72.5827000000004,13.3548,42.8226
"ch1MPI2020-01-23_10-04-56_0000102.wav",216,1,78.6777,78.7287000000004,13.3548,42.8226
"ch1MPI2020-01-23_10-04-56_0000102.wav",217,1,90.1984,90.2493999999995,13.3548,42.8226
"ch1MPI2020-01-23_10-04-56_0000102.wav",218,1,101.3438,101.394799999999,13.3548,42.8226
"ch1MPI2020-01-23_10-04-56_0000102.wav",219,1,105.6685,105.719499999999,13.3548,42.8226
"ch1MPI2020-01-23_10-04-56_0000102.wav",220,1,113.7852,113.836199999999,13.3548,42.8226
"ch1MPI2020-01-23_10-04-56_0000102.wav",221,1,127.6466,127.697599999999,13.3548,42.8226
"ch1MPI2020-01-23_10-04-56_0000102.wav",222,1,127.6506,127.701600000001,13.3548,42.8226
"ch1MPI2020-01-23_10-04-56_0000102.wav",223,1,132.3613,132.412299999999,13.3548,42.8226
"ch1MPI2020-01-26_11-22-37_0000175.wav",224,1,21.3894,21.4404000000013,13.3548,42.8226
"ch1MPI2020-01-26_11-22-37_0000175.wav",225,1,21.3914,21.4423999999995,13.3548,42.8226
"ch1MPI2020-01-26_11-22-37_0000175.wav",226,1,21.9828,22.0338000000013,13.3548,42.8226
"ch1MPI2020-01-26_11-22-37_0000175.wav",227,1,27.4481,27.4991000000013,13.3548,42.8226
"ch1MPI2020-01-26_11-22-37_0000175.wav",228,1,31.0308,31.0817999999995,13.3548,42.8226
"ch1MPI2020-01-26_11-22-37_0000175.wav",229,1,34.2475,34.2984999999995,13.3548,42.8226
"ch1MPI2020-01-26_11-22-37_0000175.wav",230,1,37.6842,37.7351999999995,13.3548,42.8226
"ch1MPI2020-01-26_11-22-37_0000175.wav",231,1,41.1382,41.1891999999995,13.3548,42.8226
"ch1MPI2020-01-26_11-22-37_0000175.wav",232,1,46.9202,46.9711999999995,13.3548,42.8226
"ch1MPI2020-01-26_11-22-37_0000175.wav",233,1,50.2523,50.3032999999995,13.3548,42.8226
"ch1MPI2020-01-26_11-22-37_0000175.wav",234,1,53.5983,53.6493000000013,13.3548,42.8226
"ch1MPI2020-01-26_11-22-37_0000175.wav",235,1,55.995,56.0459999999995,13.3548,42.8226
"ch1MPI2020-01-26_11-22-37_0000175.wav",236,1,60.6516,60.7025999999995,13.3548,42.8226
"ch1MPI2020-01-26_11-22-37_0000175.wav",237,1,64.6143,64.6652999999995,13.3548,42.8226
"ch1MPI2020-01-26_11-22-37_0000175.wav",238,1,71.055,71.1059999999995,13.3548,42.8226
"ch1MPI2020-01-26_11-22-37_0000175.wav",239,1,77.1537,77.2046999999995,13.3548,42.8226
"ch1MPI2020-01-26_11-22-37_0000175.wav",240,1,79.6924,79.7433999999995,13.3548,42.8226
"ch1MPI2020-01-26_11-22-37_0000175.wav",241,1,82.8958,82.9467999999995,13.3548,42.8226
"ch1MPI2020-01-26_11-22-37_0000175.wav",242,1,85.0591,85.1101000000013,13.3548,42.8226
"ch1MPI2020-01-26_11-22-37_0000175.wav",243,1,88.3065,88.3574999999995,13.3548,42.8226
"ch1MPI2020-01-26_11-22-37_0000175.wav",244,1,92.8085,92.8594999999995,13.3548,42.8226
"ch1MPI2020-01-26_11-22-37_0000175.wav",245,1,101.4285,101.479499999999,13.3548,42.8226
"ch1MPI2020-01-26_11-22-37_0000175.wav",246,1,102.1759,102.226900000001,13.3548,42.8226
"ch1MPI2020-01-26_11-22-37_0000175.wav",247,1,106.7592,106.810200000001,13.3548,42.8226
"ch1MPI2020-01-26_11-22-37_0000175.wav",248,1,109.1592,109.210199999999,13.3548,42.8226
"ch1MPI2020-01-26_11-22-37_0000175.wav",249,1,116.3959,116.446899999999,13.3548,42.8226
"ch1MPI2020-01-26_11-22-37_0000175.wav",250,1,123.1753,123.226299999999,13.3548,42.8226
"ch1MPI2020-01-20_12-17-11_0000077.wav",251,1,13.9507,14.0016999999995,13.3548,42.8226
"ch1MPI2020-01-20_12-17-11_0000077.wav",252,1,18.6008,18.6518000000013,13.3548,42.8226
"ch1MPI2020-01-20_12-17-11_0000077.wav",253,1,37.8642,37.9151999999995,13.3548,42.8226
"ch1MPI2020-01-20_12-17-11_0000077.wav",254,1,42.9276,42.9785999999995,13.3548,42.8226
"ch1MPI2020-01-20_12-17-11_0000077.wav",255,1,46.1502,46.2011999999995,13.3548,42.8226
"ch1MPI2020-01-20_12-17-11_0000077.wav",256,1,52.8583,52.9092999999995,13.3548,42.8226
"ch1MPI2020-01-20_12-17-11_0000077.wav",257,1,55.659,55.7099999999995,13.3548,42.8226
"ch1MPI2020-01-20_12-17-11_0000077.wav",258,1,57.947,57.9979999999995,13.3548,42.8226
"ch1MPI2020-01-20_12-17-11_0000077.wav",259,1,61.0216,61.0725999999995,13.3548,42.8226
"ch1MPI2020-01-20_12-17-11_0000077.wav",260,1,63.9817,64.0326999999995,13.3548,42.8226
"ch1MPI2020-01-20_12-17-11_0000077.wav",261,1,63.9837,64.0347000000013,13.3548,42.8226
"ch1MPI2020-01-20_12-17-11_0000077.wav",262,1,73.105,73.1559999999995,13.3548,42.8226
"ch1MPI2020-01-20_12-17-11_0000077.wav",263,1,75.5031,75.5540999999995,13.3548,42.8226
"ch1MPI2020-01-20_12-17-11_0000077.wav",264,1,79.2097,79.2606999999995,13.3548,42.8226
"ch1MPI2020-01-20_12-17-11_0000077.wav",265,1,80.7624,80.8133999999995,13.3548,42.8226
"ch1MPI2020-01-20_12-17-11_0000077.wav",266,1,84.5771,84.6280999999995,13.3548,42.8226
"ch1MPI2020-01-20_12-17-11_0000077.wav",267,1,92.4698,92.5207999999995,13.3548,42.8226
"ch1MPI2020-01-20_12-17-11_0000077.wav",268,1,95.8938,95.9447999999995,13.3548,42.8226
"ch1MPI2020-01-20_12-17-11_0000077.wav",269,1,101.4045,101.455499999999,13.3548,42.8226
"ch1MPI2020-01-20_12-17-11_0000077.wav",270,1,105.4665,105.517499999999,13.3548,42.8226
"ch1MPI2020-01-20_12-17-11_0000077.wav",271,1,109.5586,109.609599999999,13.3548,42.8226
"ch1MPI2020-01-20_12-17-11_0000077.wav",272,1,112.5246,112.575599999999,13.3548,42.8226
"ch1MPI2020-01-20_12-17-11_0000077.wav",273,1,150.0634,150.114399999999,13.3548,42.8226
"ch1MPI2020-01-25_12-37-42_0000160.wav",274,1,8.52,8.57099999999948,13.3548,42.8226
"ch1MPI2020-01-25_12-37-42_0000160.wav",275,1,92.025,92.0759999999995,13.3548,42.8226
"ch1MPI2020-01-25_12-37-42_0000160.wav",276,1,92.0257,92.0767000000013,13.3548,42.8226
"ch1MPI2020-01-25_12-37-42_0000160.wav",277,1,110.3678,110.418800000001,13.3548,42.8226
"ch1MPI2020-01-23_11-32-03_0000110.wav",278,1,22.6521,22.7031000000013,13.3548,42.8226
"ch1MPI2020-01-23_11-32-03_0000110.wav",279,1,27.0588,27.1097999999995,13.3548,42.8226
"ch1MPI2020-01-23_11-32-03_0000110.wav",280,1,30.7642,30.8151999999995,13.3548,42.8226
"ch1MPI2020-01-23_11-32-03_0000110.wav",281,1,35.2189,35.2699000000013,13.3548,42.8226
"ch1MPI2020-01-23_11-32-03_0000110.wav",282,1,38.7049,38.7558999999995,13.3548,42.8226
"ch1MPI2020-01-23_11-32-03_0000110.wav",283,1,43.1502,43.2011999999995,13.3548,42.8226
"ch1MPI2020-01-23_11-32-03_0000110.wav",284,1,43.8662,43.9171999999995,13.3548,42.8226
"ch1MPI2020-01-23_11-32-03_0000110.wav",285,1,44.4462,44.4971999999995,13.3548,42.8226
"ch1MPI2020-01-23_11-32-03_0000110.wav",286,1,46.7929,46.8438999999995,13.3548,42.8226
"ch1MPI2020-01-23_11-32-03_0000110.wav",287,1,50.1189,50.1698999999995,13.3548,42.8226
"ch1MPI2020-01-23_11-32-03_0000110.wav",288,1,54.969,55.0199999999995,13.3548,42.8226
"ch1MPI2020-01-23_11-32-03_0000110.wav",289,1,61.1503,61.2012999999995,13.3548,42.8226
"ch1MPI2020-01-23_11-32-03_0000110.wav",290,1,63.3677,63.4186999999995,13.3548,42.8226
"ch1MPI2020-01-23_11-32-03_0000110.wav",291,1,65.0957,65.1466999999995,13.3548,42.8226
"ch1MPI2020-01-23_11-32-03_0000110.wav",292,1,66.305,66.3559999999995,13.3548,42.8226
"ch1MPI2020-01-23_11-32-03_0000110.wav",293,1,71.9131,71.9641000000013,13.3548,42.8226
"ch1MPI2020-01-23_11-32-03_0000110.wav",294,1,74.2057,74.2566999999995,13.3548,42.8226
"ch1MPI2020-01-23_11-32-03_0000110.wav",295,1,74.3524,74.4033999999995,13.3548,42.8226
"ch1MPI2020-01-23_11-32-03_0000110.wav",296,1,79.6304,79.6814000000013,13.3548,42.8226
"ch1MPI2020-01-23_11-32-03_0000110.wav",297,1,79.8691,79.9200999999995,13.3548,42.8226
"ch1MPI2020-01-23_11-32-03_0000110.wav",298,1,84.3238,84.3747999999995,13.3548,42.8226
"ch1MPI2020-01-23_11-32-03_0000110.wav",299,1,85.2571,85.3080999999995,13.3548,42.8226
"ch1MPI2020-01-23_11-32-03_0000110.wav",300,1,87.1485,87.1994999999995,13.3548,42.8226
"ch1MPI2020-01-23_11-32-03_0000110.wav",301,1,87.6871,87.7380999999995,13.3548,42.8226
"ch1MPI2020-01-23_11-32-03_0000110.wav",302,1,91.0518,91.1027999999995,13.3548,42.8226
"ch1MPI2020-01-23_11-32-03_0000110.wav",303,1,95.4625,95.5135000000013,13.3548,42.8226
"ch1MPI2020-01-23_11-32-03_0000110.wav",304,1,96.5652,96.6161999999995,13.3548,42.8226
"ch1MPI2020-01-23_11-32-03_0000110.wav",305,1,101.3699,101.420899999999,13.3548,42.8226
"ch1MPI2020-01-23_11-32-03_0000110.wav",306,1,101.9932,102.044200000001,13.3548,42.8226
"ch1MPI2020-01-23_11-32-03_0000110.wav",307,1,104.8339,104.884899999999,13.3548,42.8226
"ch1MPI2020-01-23_11-32-03_0000110.wav",308,1,108.5653,108.616299999999,13.3548,42.8226
"ch1MPI2020-01-23_11-32-03_0000110.wav",309,1,108.6939,108.744899999999,13.3548,42.8226
"ch1MPI2020-01-23_11-32-03_0000110.wav",310,1,111.1686,111.219600000001,13.3548,42.8226
"ch1MPI2020-01-23_11-32-03_0000110.wav",311,1,113.7299,113.780899999999,13.3548,42.8226
"ch1MPI2020-01-23_11-32-03_0000110.wav",312,1,115.8433,115.894299999999,13.3548,42.8226
"ch1MPI2020-01-23_11-32-03_0000110.wav",313,1,115.918,115.968999999999,13.3548,42.8226
"ch1MPI2020-01-23_11-32-03_0000110.wav",314,1,116.6006,116.651599999999,13.3548,42.8226
"ch1MPI2020-01-23_11-32-03_0000110.wav",315,1,116.6086,116.659599999999,13.3548,42.8226
"ch1MPI2020-01-23_11-32-03_0000110.wav",316,1,118.062,118.112999999999,13.3548,42.8226
"ch1MPI2020-01-23_11-32-03_0000110.wav",317,1,121.4113,121.462299999999,13.3548,42.8226
"ch1MPI2020-01-23_11-32-03_0000110.wav",318,1,122.126,122.176999999999,13.3548,42.8226
"ch1MPI2020-01-23_11-32-03_0000110.wav",319,1,122.3113,122.362299999999,13.3548,42.8226
"ch1MPI2020-01-23_11-32-03_0000110.wav",320,1,122.8293,122.880299999999,13.3548,42.8226
"ch1MPI2020-01-23_11-32-03_0000110.wav",321,1,127.2807,127.331699999999,13.3548,42.8226
"ch1MPI2020-01-16_09-54-41_0000009.wav",322,1,13.3167,13.3676999999995,13.3548,42.8226
"ch1MPI2020-01-16_09-54-41_0000009.wav",323,1,17.0701,17.1210999999995,13.3548,42.8226
"ch1MPI2020-01-16_09-54-41_0000009.wav",324,1,18.8747,18.9256999999995,13.3548,42.8226
"ch1MPI2020-01-16_09-54-41_0000009.wav",325,1,25.0007,25.0516999999995,13.3548,42.8226
"ch1MPI2020-01-16_09-54-41_0000009.wav",326,1,25.8154,25.8663999999995,13.3548,42.8226
"ch1MPI2020-01-16_09-54-41_0000009.wav",327,1,33.1121,33.1630999999995,13.3548,42.8226
"ch1MPI2020-01-16_09-54-41_0000009.wav",328,1,36.1041,36.1550999999995,13.3548,42.8226
"ch1MPI2020-01-16_09-54-41_0000009.wav",329,1,38.6348,38.6857999999995,13.3548,42.8226
"ch1MPI2020-01-16_09-54-41_0000009.wav",330,1,42.0415,42.0925000000013,13.3548,42.8226
"ch1MPI2020-01-16_09-54-41_0000009.wav",331,1,43.7648,43.8157999999995,13.3548,42.8226
"ch1MPI2020-01-16_09-54-41_0000009.wav",332,1,47.2888,47.3397999999995,13.3548,42.8226
"ch1MPI2020-01-16_09-54-41_0000009.wav",333,1,49.2968,49.3477999999995,13.3548,42.8226
"ch1MPI2020-01-16_09-54-41_0000009.wav",334,1,50.8055,50.8564999999995,13.3548,42.8226
"ch1MPI2020-01-16_09-54-41_0000009.wav",335,1,54.4575,54.5085000000013,13.3548,42.8226
"ch1MPI2020-01-16_09-54-41_0000009.wav",336,1,55.4775,55.5284999999995,13.3548,42.8226
"ch1MPI2020-01-16_09-54-41_0000009.wav",337,1,58.5162,58.5671999999995,13.3548,42.8226
"ch1MPI2020-01-16_09-54-41_0000009.wav",338,1,59.6049,59.6558999999995,13.3548,42.8226
"ch1MPI2020-01-16_09-54-41_0000009.wav",339,1,61.3542,61.4052000000013,13.3548,42.8226
"ch1MPI2020-01-16_09-54-41_0000009.wav",340,1,64.3729,64.4238999999995,13.3548,42.8226
"ch1MPI2020-01-16_09-54-41_0000009.wav",341,1,66.5882,66.6391999999995,13.3548,42.8226
"ch1MPI2020-01-16_09-54-41_0000009.wav",342,1,68.2176,68.2685999999995,13.3548,42.8226
"ch1MPI2020-01-16_09-54-41_0000009.wav",343,1,70.1722,70.2232000000013,13.3548,42.8226
"ch1MPI2020-01-16_09-54-41_0000009.wav",344,1,71.7649,71.8158999999995,13.3548,42.8226
"ch1MPI2020-01-16_09-54-41_0000009.wav",345,1,74.2589,74.3099000000013,13.3548,42.8226
"ch1MPI2020-01-16_09-54-41_0000009.wav",346,1,75.9403,75.9912999999995,13.3548,42.8226
"ch1MPI2020-01-16_09-54-41_0000009.wav",347,1,78.1536,78.2046000000013,13.3548,42.8226
"ch1MPI2020-01-16_09-54-41_0000009.wav",348,1,80.6556,80.7065999999995,13.3548,42.8226
"ch1MPI2020-01-16_09-54-41_0000009.wav",349,1,83.729,83.7799999999995,13.3548,42.8226
"ch1MPI2020-01-16_09-54-41_0000009.wav",350,1,86.1516,86.2025999999995,13.3548,42.8226
"ch1MPI2020-01-16_09-54-41_0000009.wav",351,1,87.7616,87.8125999999995,13.3548,42.8226
"ch1MPI2020-01-16_09-54-41_0000009.wav",352,1,90.2836,90.3346000000013,13.3548,42.8226
"ch1MPI2020-01-16_09-54-41_0000009.wav",353,1,92.2717,92.3226999999995,13.3548,42.8226
"ch1MPI2020-01-16_09-54-41_0000009.wav",354,1,95.0283,95.0792999999995,13.3548,42.8226
"ch1MPI2020-01-16_09-54-41_0000009.wav",355,1,96.3617,96.4126999999995,13.3548,42.8226
"ch1MPI2020-01-16_09-54-41_0000009.wav",356,1,97.3283,97.3793000000013,13.3548,42.8226
"ch1MPI2020-01-16_09-54-41_0000009.wav",357,1,99.2043,99.2552999999995,13.3548,42.8226
"ch1MPI2020-01-16_09-54-41_0000009.wav",358,1,100.213,100.264000000001,13.3548,42.8226
"ch1MPI2020-01-16_09-54-41_0000009.wav",359,1,101.885,101.935999999999,13.3548,42.8226
"ch1MPI2020-01-16_09-54-41_0000009.wav",360,1,104.9217,104.972699999999,13.3548,42.8226
"ch1MPI2020-01-16_09-54-41_0000009.wav",361,1,106.0217,106.072699999999,13.3548,42.8226
"ch1MPI2020-01-16_09-54-41_0000009.wav",362,1,107.863,107.913999999999,13.3548,42.8226
"ch1MPI2020-01-16_09-54-41_0000009.wav",363,1,108.945,108.995999999999,13.3548,42.8226
"ch1MPI2020-01-16_09-54-41_0000009.wav",364,1,111.0644,111.115399999999,13.3548,42.8226
"ch1MPI2020-01-16_09-54-41_0000009.wav",365,1,112.3611,112.412099999999,13.3548,42.8226
"ch1MPI2020-01-16_09-54-41_0000009.wav",366,1,114.2231,114.274099999999,13.3548,42.8226
"ch1MPI2020-01-16_09-54-41_0000009.wav",367,1,116.8824,116.933399999999,13.3548,42.8226
"ch1MPI2020-01-16_09-54-41_0000009.wav",368,1,118.4171,118.468099999999,13.3548,42.8226
"ch1MPI2020-01-16_09-54-41_0000009.wav",369,1,120.0071,120.058099999999,13.3548,42.8226
"ch1MPI2020-01-16_09-54-41_0000009.wav",370,1,121.5578,121.608799999999,13.3548,42.8226
"ch1MPI2020-01-16_09-54-41_0000009.wav",371,1,121.5598,121.610799999999,13.3548,42.8226
"ch1MPI2020-01-16_09-54-41_0000009.wav",372,1,123.4344,123.485399999999,13.3548,42.8226
"ch1MPI2020-01-16_09-54-41_0000009.wav",373,1,125.0024,125.053399999999,13.3548,42.8226
"ch1MPI2020-01-16_09-54-41_0000009.wav",374,1,129.1505,129.201500000001,13.3548,42.8226
"ch1MPI2020-01-16_09-54-41_0000009.wav",375,1,129.8691,129.920099999999,13.3548,42.8226
"ch1MPI_2020-01-29_10-38-08_0000185.wav",376,1,48.7821,48.8330999999995,13.3548,42.8226
"ch1MPI_2020-01-29_10-38-08_0000185.wav",377,1,60.7975,60.8485000000013,13.3548,42.8226
"ch1MPI_2020-01-29_10-38-08_0000185.wav",378,1,67.9575,68.0084999999995,13.3548,42.8226
"ch1MPI_2020-01-29_10-38-08_0000185.wav",379,1,74.8822,74.9331999999995,13.3548,42.8226
"ch1MPI_2020-01-29_10-38-08_0000185.wav",380,1,80.3082,80.3592000000013,13.3548,42.8226
"ch1MPI_2020-01-29_10-38-08_0000185.wav",381,1,84.2502,84.3011999999995,13.3548,42.8226
"ch1MPI_2020-01-29_10-38-08_0000185.wav",382,1,87.2396,87.2905999999995,13.3548,42.8226
"ch1MPI_2020-01-29_10-38-08_0000185.wav",383,1,91.7456,91.7965999999995,13.3548,42.8226
"ch1MPI_2020-01-29_10-38-08_0000185.wav",384,1,95.1936,95.2446000000013,13.3548,42.8226
"ch1MPI_2020-01-29_10-38-08_0000185.wav",385,1,98.2189,98.2699000000013,13.3548,42.8226
"ch1MPI_2020-01-29_10-38-08_0000185.wav",386,1,101.9556,102.006599999999,13.3548,42.8226
"ch1MPI_2020-01-29_10-38-08_0000185.wav",387,1,105.6903,105.741299999999,13.3548,42.8226
"ch1MPI_2020-01-29_10-38-08_0000185.wav",388,1,107.8496,107.900599999999,13.3548,42.8226
"ch1MPI_2020-01-29_10-38-08_0000185.wav",389,1,112.6796,112.730599999999,13.3548,42.8226
"ch1MPI_2020-01-29_10-38-08_0000185.wav",390,1,116.3423,116.393299999999,13.3548,42.8226
"ch1MPI_2020-01-29_10-38-08_0000185.wav",391,1,120.9557,121.006699999999,13.3548,42.8226
"ch1MPI_2020-01-29_10-38-08_0000185.wav",392,1,125.1657,125.216699999999,13.3548,42.8226
"ch1MPI_2020-01-29_10-38-08_0000185.wav",393,1,130.6944,130.745399999999,13.3548,42.8226
"ch1MPI_2020-01-29_10-38-08_0000185.wav",394,1,140.3844,140.435400000001,13.3548,42.8226
"ch1MPI_2020-01-29_10-38-08_0000185.wav",395,1,147.1637,147.214700000001,13.3548,42.8226
"ch1MPI_2020-01-29_10-38-08_0000185.wav",396,1,149.0164,149.067399999999,13.3548,42.8226
"ch1MPI_2020-01-30_13-53-47_0000192.wav",397,1,51.0058,51.0567999999995,13.3548,42.8226
"ch1MPI_2020-01-30_13-53-47_0000192.wav",398,1,55.1972,55.2481999999995,13.3548,42.8226
"ch1MPI_2020-01-30_13-53-47_0000192.wav",399,1,58.9039,58.9549000000013,13.3548,42.8226
"ch1MPI_2020-01-30_13-53-47_0000192.wav",400,1,63.0226,63.0735999999995,13.3548,42.8226
"ch1MPI_2020-01-30_13-53-47_0000192.wav",401,1,68.5646,68.6155999999995,13.3548,42.8226
"ch1MPI_2020-01-30_13-53-47_0000192.wav",402,1,73.9633,74.0143000000013,13.3548,42.8226
"ch1MPI_2020-01-30_13-53-47_0000192.wav",403,1,77.4287,77.4797000000013,13.3548,42.8226
"ch1MPI_2020-01-30_13-53-47_0000192.wav",404,1,77.7347,77.7856999999995,13.3548,42.8226
"ch1MPI_2020-01-30_13-53-47_0000192.wav",405,1,89.3461,89.3970999999995,13.3548,42.8226
"ch1MPI_2020-01-30_13-53-47_0000192.wav",406,1,100.0589,100.109900000001,13.3548,42.8226
"ch1MPI2020-01-16_11-09-25_0000015.wav",407,1,15.4881,15.5390999999995,13.3548,42.8226
"ch1MPI2020-01-16_11-09-25_0000015.wav",408,1,17.3034,17.3543999999995,13.3548,42.8226
"ch1MPI2020-01-16_11-09-25_0000015.wav",409,1,22.2455,22.2965000000013,13.3548,42.8226
"ch1MPI2020-01-16_11-09-25_0000015.wav",410,1,23.7975,23.8484999999995,13.3548,42.8226
"ch1MPI2020-01-16_11-09-25_0000015.wav",411,1,27.3808,27.4318000000013,13.3548,42.8226
"ch1MPI2020-01-16_11-09-25_0000015.wav",412,1,33.1248,33.1758000000013,13.3548,42.8226
"ch1MPI2020-01-16_11-09-25_0000015.wav",413,1,35.9802,36.0312000000013,13.3548,42.8226
"ch1MPI2020-01-16_11-09-25_0000015.wav",414,1,38.4669,38.5179000000013,13.3548,42.8226
"ch1MPI2020-01-16_11-09-25_0000015.wav",415,1,41.1195,41.1704999999995,13.3548,42.8226
"ch1MPI2020-01-16_11-09-25_0000015.wav",416,1,42.8476,42.8986000000013,13.3548,42.8226
"ch1MPI2020-01-16_11-09-25_0000015.wav",417,1,47.8196,47.8705999999995,13.3548,42.8226
"ch1MPI2020-01-16_11-09-25_0000015.wav",418,1,48.3176,48.3686000000013,13.3548,42.8226
"ch1MPI2020-01-16_11-09-25_0000015.wav",419,1,50.3456,50.3966000000013,13.3548,42.8226
"ch1MPI2020-01-16_11-09-25_0000015.wav",420,1,53.5189,53.5698999999995,13.3548,42.8226
"ch1MPI2020-01-16_11-09-25_0000015.wav",421,1,55.9856,56.0365999999995,13.3548,42.8226
"ch1MPI2020-01-16_11-09-25_0000015.wav",422,1,58.5236,58.5745999999995,13.3548,42.8226
"ch1MPI2020-01-16_11-09-25_0000015.wav",423,1,61.6763,61.7273000000013,13.3548,42.8226
"ch1MPI2020-01-16_11-09-25_0000015.wav",424,1,66.5617,66.6126999999995,13.3548,42.8226
"ch1MPI2020-01-16_11-09-25_0000015.wav",425,1,68.949,68.9999999999995,13.3548,42.8226
"ch1MPI2020-01-16_11-09-25_0000015.wav",426,1,72.0397,72.0906999999995,13.3548,42.8226
"ch1MPI2020-01-16_11-09-25_0000015.wav",427,1,75.2717,75.3226999999995,13.3548,42.8226
"ch1MPI2020-01-16_11-09-25_0000015.wav",428,1,77.9217,77.9726999999995,13.3548,42.8226
"ch1MPI2020-01-16_11-09-25_0000015.wav",429,1,80.3031,80.3540999999995,13.3548,42.8226
"ch1MPI2020-01-16_11-09-25_0000015.wav",430,1,84.0371,84.0880999999995,13.3548,42.8226
"ch1MPI2020-01-16_11-09-25_0000015.wav",431,1,90.2658,90.3167999999995,13.3548,42.8226
"ch1MPI2020-01-16_11-09-25_0000015.wav",432,1,93.2318,93.2827999999995,13.3548,42.8226
"ch1MPI2020-01-16_11-09-25_0000015.wav",433,1,97.0472,97.0982000000013,13.3548,42.8226
"ch1MPI2020-01-16_11-09-25_0000015.wav",434,1,101.1305,101.181499999999,13.3548,42.8226
"ch1MPI2020-01-16_11-09-25_0000015.wav",435,1,103.7365,103.787499999999,13.3548,42.8226
"ch1MPI2020-01-16_11-09-25_0000015.wav",436,1,106.5299,106.580899999999,13.3548,42.8226
"ch1MPI2020-01-16_11-09-25_0000015.wav",437,1,109.7886,109.839599999999,13.3548,42.8226
"ch1MPI2020-01-16_11-09-25_0000015.wav",438,1,113.5092,113.560200000001,13.3548,42.8226
"ch1MPI2020-01-16_11-09-25_0000015.wav",439,1,119.9406,119.991599999999,13.3548,42.8226
"ch1MPI2020-01-16_11-09-25_0000015.wav",440,1,124.532,124.582999999999,13.3548,42.8226
"ch1MPI2020-01-17_09-36-16_0000030.wav",441,1,22.4121,22.4630999999995,13.3548,42.8226
"ch1MPI2020-01-17_09-36-16_0000030.wav",442,1,37.9315,37.9825000000013,13.3548,42.8226
"ch1MPI2020-01-17_09-36-16_0000030.wav",443,1,93.883,93.9339999999995,13.3548,42.8226
"ch1MPI2020-01-17_09-36-16_0000030.wav",444,1,102.8197,102.870699999999,13.3548,42.8226
"ch1MPI2020-01-17_09-36-16_0000030.wav",445,1,114.849,114.899999999999,13.3548,42.8226
"ch1MPI2020-01-17_09-36-16_0000030.wav",446,1,115.8757,115.926699999999,13.3548,42.8226
"ch1MPI2020-01-17_09-36-16_0000030.wav",447,1,120.1497,120.200700000001,13.3548,42.8226
"ch1MPI2020-01-17_09-36-16_0000030.wav",448,1,123.2471,123.298099999999,13.3548,42.8226
"ch1MPI2020-01-17_09-36-16_0000030.wav",449,1,123.6397,123.690700000001,13.3548,42.8226
"ch1MPI2020-01-17_09-36-16_0000030.wav",450,1,126.4404,126.491400000001,13.3548,42.8226
"ch1MPI2020-01-17_09-36-16_0000030.wav",451,1,127.6491,127.700099999999,13.3548,42.8226
"ch1MPI2020-01-17_09-36-16_0000030.wav",452,1,128.0291,128.080100000001,13.3548,42.8226
"ch1MPI2020-01-17_09-36-16_0000030.wav",453,1,129.3204,129.371399999999,13.3548,42.8226
"ch1MPI2020-01-17_09-36-16_0000030.wav",454,1,129.6138,129.664799999999,13.3548,42.8226
"ch1MPI2020-01-20_10-18-25_0000067.wav",455,1,9.5534,9.60439999999948,13.3548,42.8226
"ch1MPI2020-01-20_10-18-25_0000067.wav",456,1,20.1435,20.1944999999995,13.3548,42.8226
"ch1MPI2020-01-20_10-18-25_0000067.wav",457,1,20.7128,20.7637999999995,13.3548,42.8226
"ch1MPI2020-01-20_10-18-25_0000067.wav",458,1,23.6942,23.7451999999995,13.3548,42.8226
"ch1MPI2020-01-20_10-18-25_0000067.wav",459,1,27.8335,27.8844999999995,13.3548,42.8226
"ch1MPI2020-01-20_10-18-25_0000067.wav",460,1,30.5529,30.6038999999995,13.3548,42.8226
"ch1MPI2020-01-20_10-18-25_0000067.wav",461,1,33.9563,34.0072999999995,13.3548,42.8226
"ch1MPI2020-01-20_10-18-25_0000067.wav",462,1,43.1317,43.1826999999995,13.3548,42.8226
"ch1MPI2020-01-20_10-18-25_0000067.wav",463,1,49.5977,49.6487000000013,13.3548,42.8226
"ch1MPI2020-01-20_10-18-25_0000067.wav",464,1,56.6371,56.6881000000013,13.3548,42.8226
"ch1MPI2020-01-20_10-18-25_0000067.wav",465,1,59.3411,59.3920999999995,13.3548,42.8226
"ch1MPI2020-01-20_10-18-25_0000067.wav",466,1,60.6645,60.7155000000013,13.3548,42.8226
"ch1MPI2020-01-20_10-18-25_0000067.wav",467,1,64.4078,64.4587999999995,13.3548,42.8226
"ch1MPI2020-01-20_10-18-25_0000067.wav",468,1,70.4805,70.5314999999995,13.3548,42.8226
"ch1MPI2020-01-20_10-18-25_0000067.wav",469,1,75.8332,75.8842000000013,13.3548,42.8226
"ch1MPI2020-01-20_10-18-25_0000067.wav",470,1,77.9879,78.0388999999995,13.3548,42.8226
"ch1MPI2020-01-20_10-18-25_0000067.wav",471,1,87.32,87.3710000000013,13.3548,42.8226
"ch1MPI2020-01-20_10-18-25_0000067.wav",472,1,88.768,88.8190000000013,13.3548,42.8226
"ch1MPI2020-01-20_10-18-25_0000067.wav",473,1,93.966,94.0169999999995,13.3548,42.8226
"ch1MPI2020-01-20_10-18-25_0000067.wav",474,1,99.1654,99.2163999999995,13.3548,42.8226
"ch1MPI2020-01-20_10-18-25_0000067.wav",475,1,102.1054,102.156399999999,13.3548,42.8226
"ch1MPI2020-01-20_10-18-25_0000067.wav",476,1,105.1081,105.159099999999,13.3548,42.8226
"ch1MPI2020-01-20_10-18-25_0000067.wav",477,1,106.6368,106.687800000001,13.3548,42.8226
"ch1MPI2020-01-20_10-18-25_0000067.wav",478,1,115.9442,115.995200000001,13.3548,42.8226
"ch1MPI2020-01-20_10-18-25_0000067.wav",479,1,120.1209,120.171900000001,13.3548,42.8226
"ch1MPI2020-01-20_10-18-25_0000067.wav",480,1,123.6883,123.739299999999,13.3548,42.8226
"ch1MPI2020-01-20_10-54-26_0000070.wav",481,1,5.964,6.01499999999948,13.3548,42.8226
"ch1MPI2020-01-20_10-54-26_0000070.wav",482,1,8.3127,8.36369999999948,13.3548,42.8226
"ch1MPI2020-01-20_10-54-26_0000070.wav",483,1,25.2054,25.2563999999995,13.3548,42.8226
"ch1MPI2020-01-20_10-54-26_0000070.wav",484,1,27.5207,27.5716999999995,13.3548,42.8226
"ch1MPI2020-01-20_10-54-26_0000070.wav",485,1,29.4434,29.4944000000013,13.3548,42.8226
"ch1MPI2020-01-20_10-54-26_0000070.wav",486,1,32.1994,32.2503999999995,13.3548,42.8226
"ch1MPI2020-01-20_10-54-26_0000070.wav",487,1,36.4808,36.5317999999995,13.3548,42.8226
"ch1MPI2020-01-20_10-54-26_0000070.wav",488,1,37.8534,37.9043999999995,13.3548,42.8226
"ch1MPI2020-01-20_10-54-26_0000070.wav",489,1,39.8915,39.9425000000013,13.3548,42.8226
"ch1MPI2020-01-20_10-54-26_0000070.wav",490,1,40.7175,40.7684999999995,13.3548,42.8226
"ch1MPI2020-01-20_10-54-26_0000070.wav",491,1,43.1341,43.1850999999995,13.3548,42.8226
"ch1MPI2020-01-20_10-54-26_0000070.wav",492,1,47.1141,47.1650999999995,13.3548,42.8226
"ch1MPI2020-01-20_10-54-26_0000070.wav",493,1,47.9821,48.0330999999995,13.3548,42.8226
"ch1MPI2020-01-20_10-54-26_0000070.wav",494,1,49.5235,49.5744999999995,13.3548,42.8226
"ch1MPI2020-01-20_10-54-26_0000070.wav",495,1,52.6462,52.6971999999995,13.3548,42.8226
"ch1MPI2020-01-20_10-54-26_0000070.wav",496,1,54.8175,54.8685000000013,13.3548,42.8226
"ch1MPI2020-01-20_10-54-26_0000070.wav",497,1,56.4388,56.4898000000013,13.3548,42.8226
"ch1MPI2020-01-20_10-54-26_0000070.wav",498,1,58.1755,58.2265000000013,13.3548,42.8226
"ch1MPI2020-01-20_10-54-26_0000070.wav",499,1,59.7868,59.8378000000013,13.3548,42.8226
"ch1MPI2020-01-20_10-54-26_0000070.wav",500,1,61.8722,61.9231999999995,13.3548,42.8226
"ch1MPI2020-01-20_10-54-26_0000070.wav",501,1,63.2742,63.3251999999995,13.3548,42.8226
"ch1MPI2020-01-20_10-54-26_0000070.wav",502,1,64.1475,64.1984999999995,13.3548,42.8226
"ch1MPI2020-01-20_10-54-26_0000070.wav",503,1,67.5389,67.5898999999995,13.3548,42.8226
"ch1MPI2020-01-20_10-54-26_0000070.wav",504,1,70.3135,70.3645000000013,13.3548,42.8226
"ch1MPI2020-01-20_10-54-26_0000070.wav",505,1,71.9982,72.0491999999995,13.3548,42.8226
"ch1MPI2020-01-20_10-54-26_0000070.wav",506,1,74.3815,74.4324999999995,13.3548,42.8226
"ch1MPI2020-01-20_10-54-26_0000070.wav",507,1,78.5382,78.5891999999995,13.3548,42.8226
"ch1MPI2020-01-20_10-54-26_0000070.wav",508,1,79.6022,79.6531999999995,13.3548,42.8226
"ch1MPI2020-01-20_10-54-26_0000070.wav",509,1,81.1802,81.2311999999995,13.3548,42.8226
"ch1MPI2020-01-20_10-54-26_0000070.wav",510,1,91.4463,91.4972999999995,13.3548,42.8226
"ch1MPI2020-01-20_10-54-26_0000070.wav",511,1,93.9943,94.0453000000013,13.3548,42.8226
"ch1MPI2020-01-20_10-54-26_0000070.wav",512,1,97.2303,97.2812999999995,13.3548,42.8226
"ch1MPI2020-01-20_10-54-26_0000070.wav",513,1,99.4456,99.4965999999995,13.3548,42.8226
"ch1MPI2020-01-20_10-54-26_0000070.wav",514,1,101.4543,101.505300000001,13.3548,42.8226
"ch1MPI2020-01-20_10-54-26_0000070.wav",515,1,103.2223,103.273300000001,13.3548,42.8226
"ch1MPI2020-01-20_10-54-26_0000070.wav",516,1,104.879,104.929999999999,13.3548,42.8226
"ch1MPI2020-01-20_10-54-26_0000070.wav",517,1,105.783,105.834000000001,13.3548,42.8226
"ch1MPI2020-01-20_10-54-26_0000070.wav",518,1,108.4076,108.458599999999,13.3548,42.8226
"ch1MPI2020-01-20_10-54-26_0000070.wav",519,1,111.0196,111.070599999999,13.3548,42.8226
"ch1MPI2020-01-20_10-54-26_0000070.wav",520,1,111.8456,111.896599999999,13.3548,42.8226
"ch1MPI2020-01-20_10-54-26_0000070.wav",521,1,116.889,116.940000000001,13.3548,42.8226
"ch1MPI2020-01-20_10-54-26_0000070.wav",522,1,121.8183,121.869299999999,13.3548,42.8226
"ch1MPI2020-01-20_11-58-43_0000075.wav",523,1,50.9425,50.9970410470004,15.006202,32.31992
"ch1MPI2020-01-20_11-58-43_0000075.wav",524,1,53.261,53.3120000000031,13.3548,42.8226
"ch1MPI2020-01-20_11-58-43_0000075.wav",525,1,66.6244,66.6753999999995,13.3548,42.8226
"ch1MPI2020-01-20_11-58-43_0000075.wav",526,1,82.1792,82.2302000000031,13.3548,42.8226
"ch1MPI2020-01-20_11-58-43_0000075.wav",527,1,84.9859,85.0368999999995,13.3548,42.8226
"ch1MPI2020-01-20_11-58-43_0000075.wav",528,1,86.6759,86.7269000000031,13.3548,42.8226
"ch1MPI2020-01-20_11-58-43_0000075.wav",529,1,117.8547,117.905699999999,13.3548,42.8226
"ch1MPI2020-01-20_12-34-54_0000082.wav",530,1,25.1227,25.1736999999995,13.3548,42.8226
"ch1MPI2020-01-20_12-34-54_0000082.wav",531,1,30.5114,30.5623999999995,13.3548,42.8226
"ch1MPI2020-01-20_12-34-54_0000082.wav",532,1,35.7681,35.8190999999995,13.3548,42.8226
"ch1MPI2020-01-20_12-34-54_0000082.wav",533,1,40.5788,40.6298000000031,13.3548,42.8226
"ch1MPI2020-01-20_12-34-54_0000082.wav",534,1,43.5081,43.5590999999995,13.3548,42.8226
"ch1MPI2020-01-20_12-34-54_0000082.wav",535,1,46.0201,46.0710999999995,13.3548,42.8226
"ch1MPI2020-01-20_12-34-54_0000082.wav",536,1,50.2928,50.3437999999995,13.3548,42.8226
"ch1MPI2020-01-20_12-34-54_0000082.wav",537,1,53.0502,53.1011999999995,13.3548,42.8226
"ch1MPI2020-01-20_12-34-54_0000082.wav",538,1,63.8889,63.9399000000031,13.3548,42.8226
"ch1MPI2020-01-20_12-34-54_0000082.wav",539,1,65.1722,65.2231999999995,13.3548,42.8226
"ch1MPI2020-01-20_12-34-54_0000082.wav",540,1,69.6582,69.7091999999995,13.3548,42.8226
"ch1MPI2020-01-20_12-34-54_0000082.wav",541,1,73.0542,73.1051999999995,13.3548,42.8226
"ch1MPI2020-01-20_12-34-54_0000082.wav",542,1,76.2656,76.3166000000031,13.3548,42.8226
"ch1MPI2020-01-20_12-34-54_0000082.wav",543,1,77.8422,77.8931999999995,13.3548,42.8226
"ch1MPI2020-01-20_12-34-54_0000082.wav",544,1,82.0422,82.0931999999995,13.3548,42.8226
"ch1MPI2020-01-20_12-34-54_0000082.wav",545,1,87.1509,87.2018999999995,13.3548,42.8226
"ch1MPI2020-01-20_12-34-54_0000082.wav",546,1,93.4396,93.4905999999995,13.3548,42.8226
"ch1MPI2020-01-20_12-34-54_0000082.wav",547,1,96.017,96.0679999999995,13.3548,42.8226
"ch1MPI2020-01-20_12-34-54_0000082.wav",548,1,100.9603,101.011299999999,13.3548,42.8226
"ch1MPI2020-01-20_12-34-54_0000082.wav",549,1,106.2516,106.302600000003,13.3548,42.8226
"ch1MPI2020-01-20_12-34-54_0000082.wav",550,1,110.0543,110.105300000003,13.3548,42.8226
"ch1MPI2020-01-20_12-34-54_0000082.wav",551,1,117.7883,117.839299999999,13.3548,42.8226
"ch1MPI2020-01-20_12-34-54_0000082.wav",552,1,122.0057,122.056699999999,13.3548,42.8226
"ch1MPI_2020-01-31_12-15-48_0000202.wav",553,1,26.1874,26.2383999999995,13.3548,42.8226
"ch1MPI_2020-01-31_12-15-48_0000202.wav",554,1,75.2622,75.3131999999995,13.3548,42.8226
"ch1MPI_2020-01-31_12-15-48_0000202.wav",555,1,138.7811,138.832099999999,13.3548,42.8226
"ch1MPI_2020-01-31_12-15-48_0000202.wav",556,1,148.9458,148.996799999999,13.3548,42.8226
"ch1MPI_2020-01-29_10-02-22_0000183.wav",557,1,19.7034,19.7544000000031,13.3548,42.8226
"ch1MPI_2020-01-29_10-02-22_0000183.wav",558,1,20.7527,20.8036999999995,13.3548,42.8226
"ch1MPI_2020-01-29_10-02-22_0000183.wav",559,1,28.988,29.0389999999995,13.3548,42.8226
"ch1MPI2020-01-22_10-59-46_0000084.wav",560,1,45.3782,45.4291999999995,13.3548,42.8226
"ch1MPI2020-01-22_10-59-46_0000084.wav",561,1,57.5443,57.5952999999995,13.3548,42.8226
"ch1MPI2020-01-22_10-59-46_0000084.wav",562,1,92.4457,92.4966999999995,13.3548,42.8226
"ch1MPI2020-01-22_12-17-20_0000091.wav",563,1,25.2008,25.2517999999995,13.3548,42.8226
"ch1MPI2020-01-22_12-17-20_0000091.wav",564,1,29.2842,29.3351999999995,13.3548,42.8226
"ch1MPI2020-01-22_12-17-20_0000091.wav",565,1,38.6875,38.7384999999995,13.3548,42.8226
"ch1MPI2020-01-22_12-17-20_0000091.wav",566,1,75.0204,75.0714000000031,13.3548,42.8226
"ch1MPI2020-01-22_12-17-20_0000091.wav",567,1,75.5217,75.5726999999995,13.3548,42.8226
"ch1MPI2020-01-22_12-17-20_0000091.wav",568,1,79.0618,79.1127999999995,13.3548,42.8226
"ch1MPI2020-01-22_12-17-20_0000091.wav",569,1,83.7238,83.7747999999995,13.3548,42.8226
"ch1MPI2020-01-22_12-17-20_0000091.wav",570,1,98.0945,98.1454999999995,13.3548,42.8226
"ch1MPI2020-01-22_12-17-20_0000091.wav",571,1,124.16,124.210999999999,13.3548,42.8226
"ch1MPI2020-01-23_10-18-08_0000104.wav",572,1,7.5741,7.62509999999948,13.3548,42.8226
"ch1MPI2020-01-23_10-18-08_0000104.wav",573,1,24.7242,24.7751999999995,13.3548,42.8226
"ch1MPI2020-01-23_10-18-08_0000104.wav",574,1,26.6015,26.6524999999995,13.3548,42.8226
"ch1MPI2020-01-23_10-18-08_0000104.wav",575,1,35.0343,35.0852999999995,13.3548,42.8226
"ch1MPI2020-01-23_10-18-08_0000104.wav",576,1,44.3137,44.3646999999995,13.3548,42.8226
"ch1MPI2020-01-23_10-18-08_0000104.wav",577,1,51.6457,51.6966999999995,13.3548,42.8226
"ch1MPI2020-01-23_10-18-08_0000104.wav",578,1,57.1264,57.1773999999995,13.3548,42.8226
"ch1MPI2020-01-23_10-18-08_0000104.wav",579,1,59.0698,59.1208000000031,13.3548,42.8226
"ch1MPI2020-01-23_10-18-08_0000104.wav",580,1,81.244,81.2949999999995,13.3548,42.8226
"ch1MPI2020-01-23_10-18-08_0000104.wav",581,1,88.82,88.8709999999995,13.3548,42.8226
"ch1MPI2020-01-23_10-18-08_0000104.wav",582,1,93.7441,93.7950999999995,13.3548,42.8226
"ch1MPI2020-01-23_10-18-08_0000104.wav",583,1,102.6481,102.699099999999,13.3548,42.8226
"ch1MPI2020-01-23_10-18-08_0000104.wav",584,1,110.6649,110.715899999999,13.3548,42.8226
"ch1MPI2020-01-23_10-18-08_0000104.wav",585,1,115.9789,116.029899999999,13.3548,42.8226
"ch1MPI2020-01-23_10-18-08_0000104.wav",586,1,122.799,122.849999999999,13.3548,42.8226
"ch1MPI2020-01-23_10-18-08_0000104.wav",587,1,125.311,125.362000000003,13.3548,42.8226
"ch1MPI2020-01-23_10-18-08_0000104.wav",588,1,127.7283,127.779299999999,13.3548,42.8226
"ch1MPI2020-01-24_12-11-06_0000130.wav",589,1,22.4028,22.4537999999995,13.3548,42.8226
"ch1MPI2020-01-24_12-11-06_0000130.wav",590,1,37.2956,37.3465999999995,13.3548,42.8226
"ch1MPI2020-01-24_12-11-06_0000130.wav",591,1,45.2349,45.2858999999995,13.3548,42.8226
"ch1MPI2020-01-24_12-11-06_0000130.wav",592,1,50.971,51.0219999999995,13.3548,42.8226
"ch1MPI2020-01-24_12-11-06_0000130.wav",593,1,51.8776,51.9285999999995,13.3548,42.8226
"ch1MPI2020-01-24_12-11-06_0000130.wav",594,1,59.3217,59.3726999999995,13.3548,42.8226
"ch1MPI2020-01-24_12-11-06_0000130.wav",595,1,63.6324,63.6833999999995,13.3548,42.8226
"ch1MPI2020-01-24_12-11-06_0000130.wav",596,1,68.1291,68.1800999999995,13.3548,42.8226
"ch1MPI2020-01-24_12-11-06_0000130.wav",597,1,72.2884,72.3393999999995,13.3548,42.8226
"ch1MPI2020-01-24_12-11-06_0000130.wav",598,1,76.8678,76.9187999999995,13.3548,42.8226
"ch1MPI2020-01-24_12-11-06_0000130.wav",599,1,80.8345,80.8854999999995,13.3548,42.8226
"ch1MPI2020-01-24_12-11-06_0000130.wav",600,1,85.3725,85.4234999999995,13.3548,42.8226
"ch1MPI2020-01-24_12-11-06_0000130.wav",601,1,86.8619,86.9128999999995,13.3548,42.8226
"ch1MPI2020-01-24_12-11-06_0000130.wav",602,1,90.4672,90.5181999999995,13.3548,42.8226
"ch1MPI2020-01-24_12-11-06_0000130.wav",603,1,94.7099,94.7609000000031,13.3548,42.8226
"ch1MPI2020-01-24_12-11-06_0000130.wav",604,1,98.5559,98.6068999999995,13.3548,42.8226
"ch1MPI2020-01-24_12-11-06_0000130.wav",605,1,104.624,104.674999999999,13.3548,42.8226
"ch1MPI2020-01-24_12-11-06_0000130.wav",606,1,106.6186,106.669600000003,13.3548,42.8226
"ch1MPI2020-01-24_12-11-06_0000130.wav",607,1,109.3287,109.379699999999,13.3548,42.8226
"ch1MPI2020-01-24_12-11-06_0000130.wav",608,1,114.9194,114.970399999999,13.3548,42.8226
"ch1MPI2020-01-24_12-11-06_0000130.wav",609,1,117.3614,117.412400000003,13.3548,42.8226
"ch1MPI2020-01-24_12-11-06_0000130.wav",610,1,118.9061,118.957099999999,13.3548,42.8226
"ch1MPI2020-01-24_12-15-41_0000131.wav",611,1,15.804,15.8550000000031,13.3548,42.8226
"ch1MPI2020-01-24_12-15-41_0000131.wav",612,1,30.1981,30.2490999999995,13.3548,42.8226
"ch1MPI2020-01-24_12-15-41_0000131.wav",613,1,37.4154,37.4663999999995,13.3548,42.8226
"ch1MPI2020-01-24_12-15-41_0000131.wav",614,1,44.2968,44.3477999999995,13.3548,42.8226
"ch1MPI2020-01-24_12-15-41_0000131.wav",615,1,51.3948,51.4457999999995,13.3548,42.8226
"ch1MPI2020-01-24_12-15-41_0000131.wav",616,1,57.1535,57.2044999999995,13.3548,42.8226
"ch1MPI2020-01-24_12-15-41_0000131.wav",617,1,63.7375,63.7885000000031,13.3548,42.8226
"ch1MPI2020-01-24_12-15-41_0000131.wav",618,1,71.6135,71.6644999999995,13.3548,42.8226
"ch1MPI2020-01-24_12-15-41_0000131.wav",619,1,78.2095,78.2604999999995,13.3548,42.8226
"ch1MPI2020-01-24_12-15-41_0000131.wav",620,1,86.5289,86.5798999999995,13.3548,42.8226
"ch1MPI2020-01-24_12-15-41_0000131.wav",621,1,92.5482,92.5991999999995,13.3548,42.8226
"ch1MPI2020-01-24_12-15-41_0000131.wav",622,1,98.0189,98.0698999999995,13.3548,42.8226
"ch1MPI2020-01-24_12-15-41_0000131.wav",623,1,106.357,106.407999999999,13.3548,42.8226
"ch1MPI2020-01-24_12-15-41_0000131.wav",624,1,114.297,114.347999999999,13.3548,42.8226
"ch1MPI2020-01-24_12-15-41_0000131.wav",625,1,120.5863,120.637299999999,13.3548,42.8226
"ch1MPI2020-01-24_12-15-41_0000131.wav",626,1,127.6323,127.683299999999,13.3548,42.8226
"ch1MPI2020-01-24_16-16-01_0000142.wav",627,1,19.6635,19.7144999999995,13.3548,42.8226
"ch1MPI2020-01-24_16-16-01_0000142.wav",628,1,49.405,49.4559999999995,13.3548,42.8226
"ch1MPI2020-01-24_16-16-01_0000142.wav",629,1,64.8565,64.9074999999995,13.3548,42.8226
"ch1MPI2020-01-24_16-16-01_0000142.wav",630,1,71.9145,71.9654999999995,13.3548,42.8226
"ch1MPI2020-01-24_16-16-01_0000142.wav",631,1,79.9066,79.9575999999995,13.3548,42.8226
"ch1MPI2020-01-24_16-16-01_0000142.wav",632,1,85.744,85.7949999999995,13.3548,42.8226
"ch1MPI2020-01-24_16-16-01_0000142.wav",633,1,104.9601,105.011100000003,13.3548,42.8226
"ch1MPI2020-01-24_16-16-01_0000142.wav",634,1,107.9081,107.959099999999,13.3548,42.8226
"ch1MPI2020-01-24_16-16-01_0000142.wav",635,1,114.3142,114.365199999999,13.3548,42.8226
"ch1MPI2020-01-24_16-16-01_0000142.wav",636,1,123.1363,123.187299999999,13.3548,42.8226
"ch1MPI2020-01-25_10-48-48_0000147.wav",637,1,26.8315,26.8605885579998,12.90048,35.127549
"ch1MPI2020-01-25_10-48-48_0000147.wav",638,1,30.5621,30.620277117,12.90048,33.255796
"ch1MPI2020-01-25_10-48-48_0000147.wav",639,1,41.6012,41.6630131859992,11.496665,33.255796
"ch1MPI2020-01-25_10-48-48_0000147.wav",640,1,44.2903,44.3412999999995,13.3548,42.8226
"ch1MPI2020-01-25_10-48-48_0000147.wav",641,1,68.9045,68.9517689069975,13.134449,32.31992
"ch1MPI2020-01-25_10-48-48_0000147.wav",642,1,74.8822,74.9367410470004,12.90048,33.489765
"ch1MPI2020-01-25_10-48-48_0000147.wav",643,1,87.4084,87.4629410470004,13.602387,34.425642
"ch1MPI2020-01-25_10-48-48_0000147.wav",644,1,98.6766,98.7275049770007,12.90048,34.425642
