"sound.files","selec","start","end","selec.file","bottom.freq","top.freq","selection_notes","SNR"
"Ag13_43421.27975590_11_17_7_46_15.wav",1,0.371012779,0.415286381,"Ag13_43421.27975590_11_17_7_46_15.Table.1.selections.txt",0.5,10,"no overlap",16.7690462156542
"Ag13_43421.27975590_11_17_7_46_15.wav",2,1.118891167,1.171485522,"Ag13_43421.27975590_11_17_7_46_15.Table.1.selections.txt",0.5,10,"overlapping sound",2.76067451929413
"Ag13_43421.27975590_11_17_7_46_15.wav",3,3.609629894,3.659093633,"Ag13_43421.27975590_11_17_7_46_15.Table.1.selections.txt",0.5,10,"no overlap",14.8448489408159
"Ag13_43421.27975590_11_17_7_46_15.wav",4,5.111501419,5.164721897,"Ag13_43421.27975590_11_17_7_46_15.Table.1.selections.txt",0.5,10,"overlapping sound",11.3878982034317
"Ag13_43421.27975590_11_17_7_46_15.wav",5,6.856823208,6.909417563,"Ag13_43421.27975590_11_17_7_46_15.Table.1.selections.txt",0.5,10,"overlapping sound",15.5567978250615
"Ag13_43421.27975590_11_17_7_46_15.wav",6,8.329960143,8.385685115,"Ag13_43421.27975590_11_17_7_46_15.Table.1.selections.txt",0.5,10,"overlapping sound",10.8762691373555
"Ag13_43421.27975590_11_17_7_46_15.wav",7,9.204723294,9.257317649,"Ag13_43421.27975590_11_17_7_46_15.Table.1.selections.txt",0.5,10,"overlapping sound",16.8434372676098
"Ag13_43421.27975590_11_17_7_46_15.wav",8,9.861908397,9.918259492,"Ag13_43421.27975590_11_17_7_46_15.Table.1.selections.txt",0.5,10,"overlapping sound",7.12959855867757
"Ag13_43421.27975590_11_17_7_46_15.wav",9,12.336397751,12.41278479,"Ag13_43421.27975590_11_17_7_46_15.Table.1.selections.txt",0.5,10,"overlapping sound",12.3961373645651
"Ag13_43421.27975590_11_17_7_46_15.wav",10,13.782745128,13.857879921,"Ag13_43421.27975590_11_17_7_46_15.Table.1.selections.txt",0.5,10,"no overlap",18.6828759072581
"Ag13_43421.27975590_11_17_7_46_15.wav",11,15.318740242,15.396379529,"Ag13_43421.27975590_11_17_7_46_15.Table.1.selections.txt",0.5,10,"no overlap",21.4525627458578
"Ag13_43421.27975590_11_17_7_46_15.wav",12,15.715076276,15.790837192,"Ag13_43421.27975590_11_17_7_46_15.Table.1.selections.txt",0.5,10,"no overlap",22.6837136910808
"Ag13_43421.27975590_11_17_7_46_15.wav",13,15.92985375,16.007179974,"Ag13_43421.27975590_11_17_7_46_15.Table.1.selections.txt",0.5,10,"no overlap",22.7900717468691
"Ag13_43421.27975590_11_17_7_46_15.wav",14,16.113483293,16.190496456,"Ag13_43421.27975590_11_17_7_46_15.Table.1.selections.txt",0.5,10,"no overlap",22.2633917025231
"Ag13_43421.27975590_11_17_7_46_15.wav",15,16.272734779,16.34943488,"Ag13_43421.27975590_11_17_7_46_15.Table.1.selections.txt",0.5,10,"no overlap",21.3970011385634
"Ag13_43421.27975590_11_17_7_46_15.wav",16,16.380976268,16.546585874,"Ag13_43421.27975590_11_17_7_46_15.Table.1.selections.txt",0.5,10,"no overlap",28.8037741893112
"Ag13_43421.27975590_11_17_7_46_15.wav",17,16.591002214,16.694938677,"Ag13_43421.27975590_11_17_7_46_15.Table.1.selections.txt",0.5,10,"no overlap",20.3417209059744
"Ag13_43421.27975590_11_17_7_46_15.wav",18,16.724366471,16.847086633,"Ag13_43421.27975590_11_17_7_46_15.Table.1.selections.txt",0.5,10,"no overlap",26.758187908648
"Ag13_43421.27975590_11_17_7_46_15.wav",19,16.88936869,17.045273386,"Ag13_43421.27975590_11_17_7_46_15.Table.1.selections.txt",0.5,10,"no overlap",22.27119283357
"Ag13_43421.27975590_11_17_7_46_15.wav",20,17.132716494,17.301769778,"Ag13_43421.27975590_11_17_7_46_15.Table.1.selections.txt",0.5,10,"no overlap",27.1406468463457
"Ag13_43421.27975590_11_17_7_46_15.wav",21,17.350960892,17.456775726,"Ag13_43421.27975590_11_17_7_46_15.Table.1.selections.txt",0.5,10,"no overlap",27.8004739645903
"Ag13_43421.27975590_11_17_7_46_15.wav",22,17.484638212,17.609236743,"Ag13_43421.27975590_11_17_7_46_15.Table.1.selections.txt",0.5,10,"no overlap",26.1766421041252
"Ag13_43421.27975590_11_17_7_46_15.wav",23,17.65251646,17.811864833,"Ag13_43421.27975590_11_17_7_46_15.Table.1.selections.txt",0.5,10,"no overlap",26.3205181723971
"Ag13_43421.27975590_11_17_7_46_15.wav",24,18.850899768,18.924469252,"Ag13_43421.27975590_11_17_7_46_15.Table.1.selections.txt",0.5,10,"no overlap",23.494027484799
"Ag13_43421.27975590_11_17_7_46_15.wav",25,18.961410526,19.125141762,"Ag13_43421.27975590_11_17_7_46_15.Table.1.selections.txt",0.5,10,"no overlap",30.1605440186918
"Ag13_43421.27975590_11_17_7_46_15.wav",26,19.170614236,19.277055193,"Ag13_43421.27975590_11_17_7_46_15.Table.1.selections.txt",0.5,10,"no overlap",19.7948281140357
"Ag13_43421.27975590_11_17_7_46_15.wav",27,19.30523074,19.428890087,"Ag13_43421.27975590_11_17_7_46_15.Table.1.selections.txt",0.5,10,"no overlap",28.8934576253653
"Ag13_43421.27975590_11_17_7_46_15.wav",28,19.471231944,19.628388886,"Ag13_43421.27975590_11_17_7_46_15.Table.1.selections.txt",0.5,10,"no overlap",24.5217385269878
"Ag13_43421.27975590_11_17_7_46_15.wav",29,19.706048234,19.875727641,"Ag13_43421.27975590_11_17_7_46_15.Table.1.selections.txt",0.5,10,"no overlap",23.7374291004734
"Ag13_43421.27975590_11_17_7_46_15.wav",30,19.923293647,20.030673789,"Ag13_43421.27975590_11_17_7_46_15.Table.1.selections.txt",0.5,10,"no overlap",17.3683870294387
"Ag13_43421.27975590_11_17_7_46_15.wav",31,20.058849336,20.182508683,"Ag13_43421.27975590_11_17_7_46_15.Table.1.selections.txt",0.5,10,"no overlap",25.5405798356087
"Ag13_43421.27975590_11_17_7_46_15.wav",32,20.227649045,20.386371296,"Ag13_43421.27975590_11_17_7_46_15.Table.1.selections.txt",0.5,10,"no overlap",27.5777452153872
"Ag13_43421.27975590_11_17_7_46_15.wav",33,21.283001598,21.357510267,"Ag13_43421.27975590_11_17_7_46_15.Table.1.selections.txt",0.5,10,"no overlap",18.5487335369358
"Ag13_43421.27975590_11_17_7_46_15.wav",34,21.397151833,21.560570007,"Ag13_43421.27975590_11_17_7_46_15.Table.1.selections.txt",0.5,10,"no overlap",27.2256784145235
"Ag13_43421.27975590_11_17_7_46_15.wav",35,21.606569379,21.710818904,"Ag13_43421.27975590_11_17_7_46_15.Table.1.selections.txt",0.5,10,"no overlap",18.4611753950599
"Blk109Brn_43559.32349131_4_4_8_59_9.wav",1,0.696582926,0.731570568,"Blk109Brn_43559.32349131_4_4_8_59_9.Table.1.selections.txt",0.5,10,"no overlap",12.1280657597038
"Blk109Brn_43559.32349131_4_4_8_59_9.wav",2,1.085005281,1.121547929,"Blk109Brn_43559.32349131_4_4_8_59_9.Table.1.selections.txt",0.5,10,"overlapping sound",10.8970341437892
"Blk109Brn_43559.32349131_4_4_8_59_9.wav",3,1.458858675,1.491125055,"Blk109Brn_43559.32349131_4_4_8_59_9.Table.1.selections.txt",0.5,10,"no overlap",12.1023464011596
"Blk109Brn_43559.32349131_4_4_8_59_9.wav",4,1.587535445,1.639628156,"Blk109Brn_43559.32349131_4_4_8_59_9.Table.1.selections.txt",0.5,10,"no overlap",11.9926172236037
"Blk109Brn_43559.32349131_4_4_8_59_9.wav",5,1.691350559,1.74344327,"Blk109Brn_43559.32349131_4_4_8_59_9.Table.1.selections.txt",0.5,10,"no overlap",14.9146862702306
"Blk109Brn_43559.32349131_4_4_8_59_9.wav",6,1.795924732,1.858902486,"Blk109Brn_43559.32349131_4_4_8_59_9.Table.1.selections.txt",0.5,10,"no overlap",12.8807308823103
"Blk109Brn_43559.32349131_4_4_8_59_9.wav",7,1.902962871,1.964774371,"Blk109Brn_43559.32349131_4_4_8_59_9.Table.1.selections.txt",0.5,10,"no overlap",23.2742456757841
"Blk109Brn_43559.32349131_4_4_8_59_9.wav",8,1.996652,2.073624811,"Blk109Brn_43559.32349131_4_4_8_59_9.Table.1.selections.txt",0.5,10,"no overlap",19.6429249862219
"Blk109Brn_43559.32349131_4_4_8_59_9.wav",9,2.099140562,2.153177031,"Blk109Brn_43559.32349131_4_4_8_59_9.Table.1.selections.txt",0.5,10,"no overlap",19.4462025574577
"Blk109Brn_43559.32349131_4_4_8_59_9.wav",10,2.162118317,2.279521291,"Blk109Brn_43559.32349131_4_4_8_59_9.Table.1.selections.txt",0.5,10,"no overlap",18.841470492027
"Blk109Brn_43559.32349131_4_4_8_59_9.wav",11,2.317729967,2.384595237,"Blk109Brn_43559.32349131_4_4_8_59_9.Table.1.selections.txt",0.5,10,"no overlap",17.6985349284498
"Blk109Brn_43559.32349131_4_4_8_59_9.wav",12,2.398201542,2.45223801,"Blk109Brn_43559.32349131_4_4_8_59_9.Table.1.selections.txt",0.5,10,"no overlap",17.2544659124655
"Blk109Brn_43559.32349131_4_4_8_59_9.wav",13,2.487766515,2.580678141,"Blk109Brn_43559.32349131_4_4_8_59_9.Table.1.selections.txt",0.5,10,"no overlap",12.1505369602772
"Blk109Brn_43559.32349131_4_4_8_59_9.wav",14,2.613722024,2.67436727,"Blk109Brn_43559.32349131_4_4_8_59_9.Table.1.selections.txt",0.5,10,"no overlap",17.9523947859757
"Blk109Brn_43559.32349131_4_4_8_59_9.wav",15,2.69158336,2.782162476,"Blk109Brn_43559.32349131_4_4_8_59_9.Table.1.selections.txt",0.5,10,"no overlap",13.2109949802124
"Blk109Brn_43559.32349131_4_4_8_59_9.wav",16,2.811318844,2.865355312,"Blk109Brn_43559.32349131_4_4_8_59_9.Table.1.selections.txt",0.5,10,"no overlap",13.8704303780029
"Blk109Brn_43559.32349131_4_4_8_59_9.wav",17,2.875074102,2.994032083,"Blk109Brn_43559.32349131_4_4_8_59_9.Table.1.selections.txt",0.5,10,"no overlap",19.5002377715308
"Blk109Brn_43559.32349131_4_4_8_59_9.wav",18,3.034476488,3.099009249,"Blk109Brn_43559.32349131_4_4_8_59_9.Table.1.selections.txt",0.5,10,"no overlap",18.8013417752287
"Blk109Brn_43559.32349131_4_4_8_59_9.wav",19,3.113393057,3.168984532,"Blk109Brn_43559.32349131_4_4_8_59_9.Table.1.selections.txt",0.5,10,"no overlap",17.0638355250935
"Blk109Brn_43559.32349131_4_4_8_59_9.wav",20,3.205138428,3.29960506,"Blk109Brn_43559.32349131_4_4_8_59_9.Table.1.selections.txt",0.5,10,"no overlap",17.4070165682451
"Blk109Brn_43559.32349131_4_4_8_59_9.wav",21,3.32831898,3.391296734,"Blk109Brn_43559.32349131_4_4_8_59_9.Table.1.selections.txt",0.5,10,"no overlap",17.9156835205767
"Blk109Brn_43559.32349131_4_4_8_59_9.wav",22,3.402959282,3.501313429,"Blk109Brn_43559.32349131_4_4_8_59_9.Table.1.selections.txt",0.5,10,"no overlap",18.1328556477078
"Blk109Brn_43559.32349131_4_4_8_59_9.wav",23,3.528526039,3.584117514,"Blk109Brn_43559.32349131_4_4_8_59_9.Table.1.selections.txt",0.5,10,"no overlap",16.3813304253972
"Blk109Brn_43559.32349131_4_4_8_59_9.wav",24,3.591892546,3.712794284,"Blk109Brn_43559.32349131_4_4_8_59_9.Table.1.selections.txt",0.5,10,"no overlap",26.1382547380505
"Blk109Brn_43559.32349131_4_4_8_59_9.wav",25,3.752734934,3.817656447,"Blk109Brn_43559.32349131_4_4_8_59_9.Table.1.selections.txt",0.5,10,"no overlap",15.9238932500639
"Blk109Brn_43559.32349131_4_4_8_59_9.wav",26,3.830874,3.888409233,"Blk109Brn_43559.32349131_4_4_8_59_9.Table.1.selections.txt",0.5,10,"no overlap",16.4868538823945
"Blk109Brn_43559.32349131_4_4_8_59_9.wav",27,3.925243853,4.021654243,"Blk109Brn_43559.32349131_4_4_8_59_9.Table.1.selections.txt",0.5,10,"no overlap",21.344070986339
"Blk109Brn_43559.32349131_4_4_8_59_9.wav",28,4.050810611,4.113010863,"Blk109Brn_43559.32349131_4_4_8_59_9.Table.1.selections.txt",0.5,10,"no overlap",22.2264921693831
"Blk109Brn_43559.32349131_4_4_8_59_9.wav",29,4.126228416,4.225360067,"Blk109Brn_43559.32349131_4_4_8_59_9.Table.1.selections.txt",0.5,10,"no overlap",20.6186239495421
"Blk109Brn_43559.32349131_4_4_8_59_9.wav",30,4.251490376,4.308248105,"Blk109Brn_43559.32349131_4_4_8_59_9.Table.1.selections.txt",0.5,10,"no overlap",26.6420357149961
"Blk109Brn_43559.32349131_4_4_8_59_9.wav",31,4.316023137,4.434592366,"Blk109Brn_43559.32349131_4_4_8_59_9.Table.1.selections.txt",0.5,10,"no overlap",22.3843662563573
"Blk109Brn_43559.32349131_4_4_8_59_9.wav",32,4.47970201,4.543846019,"Blk109Brn_43559.32349131_4_4_8_59_9.Table.1.selections.txt",0.5,10,"no overlap",15.8588712830049
"Blk109Brn_43559.32349131_4_4_8_59_9.wav",33,4.557063572,4.611877544,"Blk109Brn_43559.32349131_4_4_8_59_9.Table.1.selections.txt",0.5,10,"no overlap",13.2152535983061
"Blk109Brn_43559.32349131_4_4_8_59_9.wav",34,4.648808943,4.748718097,"Blk109Brn_43559.32349131_4_4_8_59_9.Table.1.selections.txt",0.5,10,"no overlap",14.5432705915264
"BRN7_43435.27985312_12_1_7_46_25.wav",1,7.924976648,7.970005913,"BRN7_43435.27985312_12_1_7_46_25.Table.1.selections.txt",0.5,10,"no overlap",17.2369911772792
"BRN7_43435.27985312_12_1_7_46_25.wav",2,8.210349116,8.255115052,"BRN7_43435.27985312_12_1_7_46_25.Table.1.selections.txt",0.5,10,"no overlap",15.764781864166
"BRN7_43435.27985312_12_1_7_46_25.wav",3,10.629029262,10.663262037,"BRN7_43435.27985312_12_1_7_46_25.Table.1.selections.txt",0.5,10,"no overlap",18.774588952996
"BRN7_43435.27985312_12_1_7_46_25.wav",4,10.828370192,10.86444627,"BRN7_43435.27985312_12_1_7_46_25.Table.1.selections.txt",0.5,10,"no overlap",23.624802922008
"BRN7_43435.27985312_12_1_7_46_25.wav",5,11.008142427,11.042111872,"BRN7_43435.27985312_12_1_7_46_25.Table.1.selections.txt",0.5,10,"no overlap",17.7309790632142
"BRN7_43435.27985312_12_1_7_46_25.wav",6,11.155541213,11.192407278,"BRN7_43435.27985312_12_1_7_46_25.Table.1.selections.txt",0.5,10,"no overlap",18.9946664584462
"BRN7_43435.27985312_12_1_7_46_25.wav",7,11.334653878,11.370993285,"BRN7_43435.27985312_12_1_7_46_25.Table.1.selections.txt",0.5,10,"no overlap",23.2820873826362
"BRN7_43435.27985312_12_1_7_46_25.wav",8,11.414442576,11.44604206,"BRN7_43435.27985312_12_1_7_46_25.Table.1.selections.txt",0.5,10,"no overlap",10.1050363872098
"BRN7_43435.27985312_12_1_7_46_25.wav",9,11.497819245,11.528628742,"BRN7_43435.27985312_12_1_7_46_25.Table.1.selections.txt",0.5,10,"no overlap",16.9987295335136
"BRN7_43435.27985312_12_1_7_46_25.wav",10,11.5373186,11.606837465,"BRN7_43435.27985312_12_1_7_46_25.Table.1.selections.txt",0.5,10,"no overlap",19.8546524534893
"BRN7_43435.27985312_12_1_7_46_25.wav",11,11.665215015,11.732890576,"BRN7_43435.27985312_12_1_7_46_25.Table.1.selections.txt",0.5,10,"no overlap",18.5274981908993
"BRN7_43435.27985312_12_1_7_46_25.wav",12,11.775566755,11.873525155,"BRN7_43435.27985312_12_1_7_46_25.Table.1.selections.txt",0.5,10,"no overlap",22.7640507985124
"BRN7_43435.27985312_12_1_7_46_25.wav",13,11.911181207,11.966216975,"BRN7_43435.27985312_12_1_7_46_25.Table.1.selections.txt",0.5,10,"no overlap",19.2546920442435
"BRN7_43435.27985312_12_1_7_46_25.wav",14,11.981983292,12.109961202,"BRN7_43435.27985312_12_1_7_46_25.Table.1.selections.txt",0.5,10,"no overlap",19.2245598177101
"BRN7_43435.27985312_12_1_7_46_25.wav",15,12.136722129,12.15568182,"BRN7_43435.27985312_12_1_7_46_25.Table.1.selections.txt",0.5,10,"no overlap",24.1388717850835
"BRN7_43435.27985312_12_1_7_46_25.wav",16,12.180434749,12.24021044,"BRN7_43435.27985312_12_1_7_46_25.Table.1.selections.txt",0.5,10,"no overlap",11.989715296024
"BRN7_43435.27985312_12_1_7_46_25.wav",17,12.25653684,12.324475731,"BRN7_43435.27985312_12_1_7_46_25.Table.1.selections.txt",0.5,10,"no overlap",15.9357120424038
"BRN7_43435.27985312_12_1_7_46_25.wav",18,12.380845019,12.406914593,"BRN7_43435.27985312_12_1_7_46_25.Table.1.selections.txt",0.5,10,"no overlap",7.47255383502019
"BRN7_43435.27985312_12_1_7_46_25.wav",19,12.419027729,12.488809923,"BRN7_43435.27985312_12_1_7_46_25.Table.1.selections.txt",0.5,10,"no overlap",17.628320972687
"BRN7_43435.27985312_12_1_7_46_25.wav",20,12.535173823,12.636292172,"BRN7_43435.27985312_12_1_7_46_25.Table.1.selections.txt",0.5,10,"no overlap",22.6910751935624
"BRN7_43435.27985312_12_1_7_46_25.wav",21,12.67307451,12.728373608,"BRN7_43435.27985312_12_1_7_46_25.Table.1.selections.txt",0.5,10,"no overlap",13.0724624622638
"BRN7_43435.27985312_12_1_7_46_25.wav",22,12.745671828,12.874176396,"BRN7_43435.27985312_12_1_7_46_25.Table.1.selections.txt",0.5,10,"no overlap",20.0905007865005
"BRN7_43435.27985312_12_1_7_46_25.wav",23,12.900245971,12.920258977,"BRN7_43435.27985312_12_1_7_46_25.Table.1.selections.txt",0.5,10,"no overlap",25.1411005558922
"BRN7_43435.27985312_12_1_7_46_25.wav",24,12.941540295,13.006582567,"BRN7_43435.27985312_12_1_7_46_25.Table.1.selections.txt",0.5,10,"no overlap",15.5098176140497
"BRN7_43435.27985312_12_1_7_46_25.wav",25,13.021065664,13.090847858,"BRN7_43435.27985312_12_1_7_46_25.Table.1.selections.txt",0.5,10,"no overlap",16.6941101602548
"BRN7_43435.27985312_12_1_7_46_25.wav",26,13.691732727,13.730705424,"BRN7_43435.27985312_12_1_7_46_25.Table.1.selections.txt",0.5,10,"no overlap",16.1028632840695
"BRN7_43435.27985312_12_1_7_46_25.wav",27,13.77547136,13.811284108,"BRN7_43435.27985312_12_1_7_46_25.Table.1.selections.txt",0.5,10,"no overlap",16.7220098366731
"BRN7_43435.27985312_12_1_7_46_25.wav",28,13.822343928,13.888176186,"BRN7_43435.27985312_12_1_7_46_25.Table.1.selections.txt",0.5,10,"no overlap",17.9140932198796
"BRN7_43435.27985312_12_1_7_46_25.wav",29,13.941155359,14.012780856,"BRN7_43435.27985312_12_1_7_46_25.Table.1.selections.txt",0.5,10,"no overlap",14.944190401038
"BRN7_43435.27985312_12_1_7_46_25.wav",30,14.053431898,14.147967021,"BRN7_43435.27985312_12_1_7_46_25.Table.1.selections.txt",0.5,10,"no overlap",16.8699342502655
"BRN7_43435.27985312_12_1_7_46_25.wav",31,14.189474374,14.242930168,"BRN7_43435.27985312_12_1_7_46_25.Table.1.selections.txt",0.5,10,"no overlap",11.716818500736
"BRN7_43435.27985312_12_1_7_46_25.wav",32,14.261626529,14.390394427,"BRN7_43435.27985312_12_1_7_46_25.Table.1.selections.txt",0.5,10,"no overlap",18.4401217455437
"BRN7_43435.27985312_12_1_7_46_25.wav",33,14.415708028,14.431244441,"BRN7_43435.27985312_12_1_7_46_25.Table.1.selections.txt",0.5,10,"no overlap",15.1750673458907
"BRN7_43435.27985312_12_1_7_46_25.wav",34,14.45599737,14.52419959,"BRN7_43435.27985312_12_1_7_46_25.Table.1.selections.txt",0.5,10,"no overlap",18.8170374686653
"BRN7_43435.27985312_12_1_7_46_25.wav",35,14.543685938,14.60583159,"BRN7_43435.27985312_12_1_7_46_25.Table.1.selections.txt",0.5,10,"no overlap",14.6240324468932
"BRN7_43435.27985312_12_1_7_46_25.wav",36,14.658284105,14.683300363,"BRN7_43435.27985312_12_1_7_46_25.Table.1.selections.txt",0.5,10,"no overlap",9.35953124061281
"BRN7_43435.27985312_12_1_7_46_25.wav",37,14.696203486,14.765195693,"BRN7_43435.27985312_12_1_7_46_25.Table.1.selections.txt",0.5,10,"no overlap",16.5586356896097
"BRN7_43435.27985312_12_1_7_46_25.wav",38,14.811787529,14.908165956,"BRN7_43435.27985312_12_1_7_46_25.Table.1.selections.txt",0.5,10,"no overlap",15.3910732375552
"BRN7_43435.27985312_12_1_7_46_25.wav",39,14.951040255,15.006602681,"BRN7_43435.27985312_12_1_7_46_25.Table.1.selections.txt",0.5,10,"no overlap",18.4633549209687
"BRN7_43435.27985312_12_1_7_46_25.wav",40,15.022139094,15.150906991,"BRN7_43435.27985312_12_1_7_46_25.Table.1.selections.txt",0.5,10,"no overlap",18.9568771989821
"BRN7_43435.27985312_12_1_7_46_25.wav",41,15.178343248,15.19677628,"BRN7_43435.27985312_12_1_7_46_25.Table.1.selections.txt",0.5,10,"no overlap",27.0553722247165
"BRN7_43435.27985312_12_1_7_46_25.wav",42,15.219422577,15.284201519,"BRN7_43435.27985312_12_1_7_46_25.Table.1.selections.txt",0.5,10,"no overlap",18.9279327283291
"BRN7_43435.27985312_12_1_7_46_25.wav",43,15.311061081,15.369783456,"BRN7_43435.27985312_12_1_7_46_25.Table.1.selections.txt",0.5,10,"no overlap",14.6746107306379
"BRN7_43435.27985312_12_1_7_46_25.wav",44,15.53602616,15.579738779,"BRN7_43435.27985312_12_1_7_46_25.Table.1.selections.txt",0.5,10,"no overlap",15.8708276416132
"BRN7_43435.27985312_12_1_7_46_25.wav",45,15.634807445,15.706696272,"BRN7_43435.27985312_12_1_7_46_25.Table.1.selections.txt",0.5,10,"no overlap",16.1663595017954
"BRN7_43435.27985312_12_1_7_46_25.wav",46,15.749092246,15.845997331,"BRN7_43435.27985312_12_1_7_46_25.Table.1.selections.txt",0.5,10,"no overlap",15.3419370836821
"BRN7_43435.27985312_12_1_7_46_25.wav",47,15.88653483,15.943677231,"BRN7_43435.27985312_12_1_7_46_25.Table.1.selections.txt",0.5,10,"no overlap",11.7439363048776
"BRN7_43435.27985312_12_1_7_46_25.wav",48,15.960003631,16.087454883,"BRN7_43435.27985312_12_1_7_46_25.Table.1.selections.txt",0.5,10,"no overlap",13.7540223218568
"BRN7_43435.27985312_12_1_7_46_25.wav",49,16.115218562,16.133914923,"BRN7_43435.27985312_12_1_7_46_25.Table.1.selections.txt",0.5,10,"no overlap",21.1568499908294
"BRN7_43435.27985312_12_1_7_46_25.wav",50,16.159194511,16.225026769,"BRN7_43435.27985312_12_1_7_46_25.Table.1.selections.txt",0.5,10,"no overlap",15.2293217674192
"BRN7_43435.27985312_12_1_7_46_25.wav",51,16.240826511,16.305605454,"BRN7_43435.27985312_12_1_7_46_25.Table.1.selections.txt",0.5,10,"no overlap",17.0428164571163
"db1_43427.28100313_11_23_7_48_20.wav",1,0.368185587,0.436077906,"db1_43427.28100313_11_23_7_48_20.Table.1.selections.txt",0.5,10,"no overlap",19.7469176121122
"db1_43427.28100313_11_23_7_48_20.wav",2,0.512516112,0.582307516,"db1_43427.28100313_11_23_7_48_20.Table.1.selections.txt",0.5,10,"no overlap",20.3982017967534
"db1_43427.28100313_11_23_7_48_20.wav",3,0.664901413,0.737541446,"db1_43427.28100313_11_23_7_48_20.Table.1.selections.txt",0.5,10,"no overlap",16.5206109210309
"db1_43427.28100313_11_23_7_48_20.wav",4,0.812555337,0.945016575,"db1_43427.28100313_11_23_7_48_20.Table.1.selections.txt",0.5,10,"no overlap",19.292781881505
"db1_43427.28100313_11_23_7_48_20.wav",5,0.95659827,1.237730649,"db1_43427.28100313_11_23_7_48_20.Table.1.selections.txt",0.5,10,"no overlap",22.5136115212006
"db1_43427.28100313_11_23_7_48_20.wav",6,1.314981305,1.45468775,"db1_43427.28100313_11_23_7_48_20.Table.1.selections.txt",0.5,10,"no overlap",17.5189490602209
"db1_43427.28100313_11_23_7_48_20.wav",7,1.467471549,1.741701349,"db1_43427.28100313_11_23_7_48_20.Table.1.selections.txt",0.5,10,"no overlap",23.0284909147958
"db1_43427.28100313_11_23_7_48_20.wav",8,1.992744001,2.126022506,"db1_43427.28100313_11_23_7_48_20.Table.1.selections.txt",0.5,10,"no overlap",22.5624070287929
"db1_43427.28100313_11_23_7_48_20.wav",9,2.14143046,2.422732551,"db1_43427.28100313_11_23_7_48_20.Table.1.selections.txt",0.5,10,"no overlap",26.5286439709222
"db1_43427.28100313_11_23_7_48_20.wav",10,2.50037696,2.642048318,"db1_43427.28100313_11_23_7_48_20.Table.1.selections.txt",0.5,10,"no overlap",15.7312750653641
"db1_43427.28100313_11_23_7_48_20.wav",11,2.650816442,2.932830689,"db1_43427.28100313_11_23_7_48_20.Table.1.selections.txt",0.5,10,"no overlap",32.1126311233214
"db1_43427.28100313_11_23_7_48_20.wav",12,3.18077587,3.315732947,"db1_43427.28100313_11_23_7_48_20.Table.1.selections.txt",0.5,10,"no overlap",18.3172190282609
"db1_43427.28100313_11_23_7_48_20.wav",13,3.32417222,3.614989408,"db1_43427.28100313_11_23_7_48_20.Table.1.selections.txt",0.5,10,"no overlap",27.5250596901208
"db1_43427.28100313_11_23_7_48_20.wav",14,3.91321047,4.045481833,"db1_43427.28100313_11_23_7_48_20.Table.1.selections.txt",0.5,10,"no overlap",13.3383916503193
"db1_43427.28100313_11_23_7_48_20.wav",15,4.054344073,4.345723284,"db1_43427.28100313_11_23_7_48_20.Table.1.selections.txt",0.5,10,"no overlap",34.5714256165707
"db1_43427.28100313_11_23_7_48_20.wav",16,4.429379199,4.571386272,"db1_43427.28100313_11_23_7_48_20.Table.1.selections.txt",0.5,10,"no overlap",15.218076913855
"db1_43427.28100313_11_23_7_48_20.wav",17,4.585216637,4.870791671,"db1_43427.28100313_11_23_7_48_20.Table.1.selections.txt",0.5,10,"no overlap",31.4238886092445
"db1_43427.28100313_11_23_7_48_20.wav",18,5.501963375,5.574813339,"db1_43427.28100313_11_23_7_48_20.Table.1.selections.txt",0.5,10,"no overlap",20.7610059589187
"db1_43427.28100313_11_23_7_48_20.wav",19,5.645313304,5.782284665,"db1_43427.28100313_11_23_7_48_20.Table.1.selections.txt",0.5,10,"no overlap",22.453235989951
"db1_43427.28100313_11_23_7_48_20.wav",20,5.789304598,6.080199587,"db1_43427.28100313_11_23_7_48_20.Table.1.selections.txt",0.5,10,"no overlap",26.4552455461444
"db1_43427.28100313_11_23_7_48_20.wav",21,6.15789464,6.300908855,"db1_43427.28100313_11_23_7_48_20.Table.1.selections.txt",0.5,10,"no overlap",20.8035723095026
"db1_43427.28100313_11_23_7_48_20.wav",22,6.312432779,6.594377873,"db1_43427.28100313_11_23_7_48_20.Table.1.selections.txt",0.5,10,"no overlap",28.3372505628813
"db1_43427.28100313_11_23_7_48_20.wav",23,7.114564152,7.252542655,"db1_43427.28100313_11_23_7_48_20.Table.1.selections.txt",0.5,10,"no overlap",15.9227913214364
"db1_43427.28100313_11_23_7_48_20.wav",24,7.259950502,7.552527293,"db1_43427.28100313_11_23_7_48_20.Table.1.selections.txt",0.5,10,"no overlap",31.8951700560064
"db1_43427.28100313_11_23_7_48_20.wav",25,8.048823209,8.188144569,"db1_43427.28100313_11_23_7_48_20.Table.1.selections.txt",0.5,10,"no overlap",16.5475980993691
"db1_43427.28100313_11_23_7_48_20.wav",26,8.195758222,8.490276989,"db1_43427.28100313_11_23_7_48_20.Table.1.selections.txt",0.5,10,"no overlap",31.2373277093299
"db1_43427.28100313_11_23_7_48_20.wav",27,8.575069066,8.721440422,"db1_43427.28100313_11_23_7_48_20.Table.1.selections.txt",0.5,10,"no overlap",23.8765613916302
"db1_43427.28100313_11_23_7_48_20.wav",28,8.727483277,9.011339965,"db1_43427.28100313_11_23_7_48_20.Table.1.selections.txt",0.5,10,"no overlap",22.9256958187401
"DB118_43568.33139566_4_13_9_12_19.wav",1,0.346657136,0.406053208,"DB118_43568.33139566_4_13_9_12_19.Table.1.selections.txt",0.5,10,"no overlap",12.4715073994469
"DB118_43568.33139566_4_13_9_12_19.wav",2,0.465932174,0.529191405,"DB118_43568.33139566_4_13_9_12_19.Table.1.selections.txt",0.5,10,"no overlap",15.9134495349434
"DB118_43568.33139566_4_13_9_12_19.wav",3,0.941624295,0.999571682,"DB118_43568.33139566_4_13_9_12_19.Table.1.selections.txt",0.5,10,"no overlap",11.9794580667565
"DB118_43568.33139566_4_13_9_12_19.wav",4,1.043032222,1.104842768,"DB118_43568.33139566_4_13_9_12_19.Table.1.selections.txt",0.5,10,"no overlap",18.1454738286499
"DB118_43568.33139566_4_13_9_12_19.wav",5,1.163755945,1.227980965,"DB118_43568.33139566_4_13_9_12_19.Table.1.selections.txt",0.5,10,"no overlap",9.67547149491555
"DB118_43568.33139566_4_13_9_12_19.wav",6,3.20245551,3.256539738,"DB118_43568.33139566_4_13_9_12_19.Table.1.selections.txt",0.5,10,"no overlap",9.19787194670421
"DB118_43568.33139566_4_13_9_12_19.wav",7,3.805629357,3.869854378,"DB118_43568.33139566_4_13_9_12_19.Table.1.selections.txt",0.5,10,"no overlap",8.58048452317048
"DB118_43568.33139566_4_13_9_12_19.wav",8,3.922007026,3.982368888,"DB118_43568.33139566_4_13_9_12_19.Table.1.selections.txt",0.5,10,"no overlap",9.37570686618615
"DB118_43568.33139566_4_13_9_12_19.wav",9,4.045145223,4.118062352,"DB118_43568.33139566_4_13_9_12_19.Table.1.selections.txt",0.5,10,"no overlap",13.1659625308087
"DB118_43568.33139566_4_13_9_12_19.wav",10,4.99511101,5.056438662,"DB118_43568.33139566_4_13_9_12_19.Table.1.selections.txt",0.5,10,"no overlap",10.0045424701613
"DB118_43568.33139566_4_13_9_12_19.wav",11,5.103279466,5.168953171,"DB118_43568.33139566_4_13_9_12_19.Table.1.selections.txt",0.5,10,"no overlap",11.5415388246085
"DB118_43568.33139566_4_13_9_12_19.wav",12,5.21917424,5.279536101,"DB118_43568.33139566_4_13_9_12_19.Table.1.selections.txt",0.5,10,"no overlap",19.4138229180437
"DB118_43568.33139566_4_13_9_12_19.wav",13,5.318650588,5.411366407,"DB118_43568.33139566_4_13_9_12_19.Table.1.selections.txt",0.5,10,"no overlap",18.4442458807505
"DB118_43568.33139566_4_13_9_12_19.wav",14,5.443199172,5.54074394,"DB118_43568.33139566_4_13_9_12_19.Table.1.selections.txt",0.5,10,"no overlap",15.7693664455196
"DB118_43568.33139566_4_13_9_12_19.wav",15,5.574058043,5.731209245,"DB118_43568.33139566_4_13_9_12_19.Table.1.selections.txt",0.5,10,"no overlap",13.2011623273832
"DB118_43568.33139566_4_13_9_12_19.wav",16,5.777564259,5.875591922,"DB118_43568.33139566_4_13_9_12_19.Table.1.selections.txt",0.5,10,"no overlap",14.4016655945226
"DB118_43568.33139566_4_13_9_12_19.wav",17,5.906738804,6.063539304,"DB118_43568.33139566_4_13_9_12_19.Table.1.selections.txt",0.5,10,"no overlap",16.2340979797239
"DB118_43568.33139566_4_13_9_12_19.wav",18,6.101828501,6.22858841,"DB118_43568.33139566_4_13_9_12_19.Table.1.selections.txt",0.5,10,"no overlap",19.2173024408958
"DB118_43568.33139566_4_13_9_12_19.wav",19,6.26071001,6.390367288,"DB118_43568.33139566_4_13_9_12_19.Table.1.selections.txt",0.5,10,"no overlap",24.5594339042349
"DB15HP_43450.29217192_12_16_8_6_57.wav",1,2.422060724,2.51425243,"DB15HP_43450.29217192_12_16_8_6_57.Table.1.selections.txt",0.5,10,"no overlap",8.58630617274269
"DB15HP_43450.29217192_12_16_8_6_57.wav",2,2.792939077,2.885717991,"DB15HP_43450.29217192_12_16_8_6_57.Table.1.selections.txt",0.5,10,"no overlap",5.83918297007684
"DB15HP_43450.29217192_12_16_8_6_57.wav",3,3.103572278,3.196351192,"DB15HP_43450.29217192_12_16_8_6_57.Table.1.selections.txt",0.5,10,"no overlap",16.7721851651205
"DB15HP_43450.29217192_12_16_8_6_57.wav",4,3.30072475,3.471602371,"DB15HP_43450.29217192_12_16_8_6_57.Table.1.selections.txt",0.5,10,"no overlap",15.538536032279
"DB15HP_43450.29217192_12_16_8_6_57.wav",5,3.542719653,3.633736942,"DB15HP_43450.29217192_12_16_8_6_57.Table.1.selections.txt",0.5,10,"no overlap",8.45865390059991
"DB15HP_43450.29217192_12_16_8_6_57.wav",6,3.677392593,3.797183091,"DB15HP_43450.29217192_12_16_8_6_57.Table.1.selections.txt",0.5,10,"no overlap",24.2842057289642
"DB15HP_43450.29217192_12_16_8_6_57.wav",7,3.853555089,3.994485086,"DB15HP_43450.29217192_12_16_8_6_57.Table.1.selections.txt",0.5,10,"no overlap",10.2097857064757
"DB15HP_43450.29217192_12_16_8_6_57.wav",8,4.646329346,4.740869886,"DB15HP_43450.29217192_12_16_8_6_57.Table.1.selections.txt",0.5,10,"no overlap",13.5822775289523
"DB15HP_43450.29217192_12_16_8_6_57.wav",9,4.852439466,5.021555462,"DB15HP_43450.29217192_12_16_8_6_57.Table.1.selections.txt",0.5,10,"no overlap",13.6331344557499
"DB15HP_43450.29217192_12_16_8_6_57.wav",10,5.080751526,5.177640898,"DB15HP_43450.29217192_12_16_8_6_57.Table.1.selections.txt",0.5,10,"no overlap",12.4177684481906
"DB15HP_43450.29217192_12_16_8_6_57.wav",11,5.222855939,5.344995269,"DB15HP_43450.29217192_12_16_8_6_57.Table.1.selections.txt",0.5,10,"no overlap",13.8422558791974
"DB15HP_43450.29217192_12_16_8_6_57.wav",12,5.400527915,5.539696286,"DB15HP_43450.29217192_12_16_8_6_57.Table.1.selections.txt",0.5,10,"no overlap",7.67833516451927
"DB15HP_43450.29217192_12_16_8_6_57.wav",13,6.530148818,6.621166108,"DB15HP_43450.29217192_12_16_8_6_57.Table.1.selections.txt",0.5,10,"no overlap",10.2374892241324
"DB15HP_43450.29217192_12_16_8_6_57.wav",14,6.736771054,6.906474258,"DB15HP_43450.29217192_12_16_8_6_57.Table.1.selections.txt",0.5,10,"no overlap",16.5568798005981
"DB15HP_43450.29217192_12_16_8_6_57.wav",15,6.97576484,7.060322838,"DB15HP_43450.29217192_12_16_8_6_57.Table.1.selections.txt",0.5,10,"no overlap",9.06844234923748
"DB15HP_43450.29217192_12_16_8_6_57.wav",16,7.10142742,7.223566751,"DB15HP_43450.29217192_12_16_8_6_57.Table.1.selections.txt",0.5,10,"no overlap",13.906572380798
"DB15HP_43450.29217192_12_16_8_6_57.wav",17,7.278301921,7.423929584,"DB15HP_43450.29217192_12_16_8_6_57.Table.1.selections.txt",0.5,10,"no overlap",9.83277281379764
"DB15HP_43450.29217192_12_16_8_6_57.wav",18,7.513185249,7.68053962,"DB15HP_43450.29217192_12_16_8_6_57.Table.1.selections.txt",0.5,10,"no overlap",10.0809314743732
"DB15HP_43450.29217192_12_16_8_6_57.wav",19,7.751100893,7.841530974,"DB15HP_43450.29217192_12_16_8_6_57.Table.1.selections.txt",0.5,10,"no overlap",10.1957768226325
"DB15HP_43450.29217192_12_16_8_6_57.wav",20,7.889094848,8.01064697,"DB15HP_43450.29217192_12_16_8_6_57.Table.1.selections.txt",0.5,10,"no overlap",15.8366144732955
"DB15HP_43450.29217192_12_16_8_6_57.wav",21,8.064082927,8.207361757,"DB15HP_43450.29217192_12_16_8_6_57.Table.1.selections.txt",0.5,10,"no overlap",12.4853254211664
"DB7_43357.58119484_9_14_16_8_39.wav",1,0.37639686,0.455767502,"DB7_43357.58119484_9_14_16_8_39.Table.1.selections.txt",0.5,10,"no overlap",15.3998209175368
"DB7_43357.58119484_9_14_16_8_39.wav",2,1.612039285,1.781417872,"DB7_43357.58119484_9_14_16_8_39.Table.1.selections.txt",0.5,10,"no overlap",34.2427695614963
"DB7_43357.58119484_9_14_16_8_39.wav",3,2.20194462,2.325763518,"DB7_43357.58119484_9_14_16_8_39.Table.1.selections.txt",0.5,10,"no overlap",17.8497539402306
"DB7_43357.58119484_9_14_16_8_39.wav",4,2.380226395,2.506070368,"DB7_43357.58119484_9_14_16_8_39.Table.1.selections.txt",0.5,10,"no overlap",22.2362436182323
"DB7_43357.58119484_9_14_16_8_39.wav",5,2.537711417,2.609167651,"DB7_43357.58119484_9_14_16_8_39.Table.1.selections.txt",0.5,10,"no overlap",21.1326427121869
"DB7_43357.58119484_9_14_16_8_39.wav",6,2.637518707,2.798946149,"DB7_43357.58119484_9_14_16_8_39.Table.1.selections.txt",0.5,10,"no overlap",25.8500447373577
"DB7_43357.58119484_9_14_16_8_39.wav",7,2.84545203,3.056927765,"DB7_43357.58119484_9_14_16_8_39.Table.1.selections.txt",0.5,10,"no overlap",31.2986917280902
"DB7_43357.58119484_9_14_16_8_39.wav",8,3.100466724,3.167872806,"DB7_43357.58119484_9_14_16_8_39.Table.1.selections.txt",0.5,10,"no overlap",22.4133568089924
"DB7_43357.58119484_9_14_16_8_39.wav",9,3.20056331,3.276069694,"DB7_43357.58119484_9_14_16_8_39.Table.1.selections.txt",0.5,10,"no overlap",14.9634828652057
"DB7_43357.58119484_9_14_16_8_39.wav",10,3.305726076,3.468889297,"DB7_43357.58119484_9_14_16_8_39.Table.1.selections.txt",0.5,10,"no overlap",23.7159830006869
"DB7_43357.58119484_9_14_16_8_39.wav",11,3.517535847,3.736243994,"DB7_43357.58119484_9_14_16_8_39.Table.1.selections.txt",0.5,10,"no overlap",33.1967630266177
"DB7_43357.58119484_9_14_16_8_39.wav",12,3.775713975,3.841673575,"DB7_43357.58119484_9_14_16_8_39.Table.1.selections.txt",0.5,10,"no overlap",17.0109749829023
"DB7_43357.58119484_9_14_16_8_39.wav",13,3.87852196,3.954317641,"DB7_43357.58119484_9_14_16_8_39.Table.1.selections.txt",0.5,10,"no overlap",20.8652453987169
"DB7_43357.58119484_9_14_16_8_39.wav",14,3.982724278,4.148201871,"DB7_43357.58119484_9_14_16_8_39.Table.1.selections.txt",0.5,10,"no overlap",23.7738302636029
"DB7_43357.58119484_9_14_16_8_39.wav",15,4.195453413,4.416475933,"DB7_43357.58119484_9_14_16_8_39.Table.1.selections.txt",0.5,10,"no overlap",37.6669446015813
"DB7_43357.58119484_9_14_16_8_39.wav",16,4.455386373,4.524238938,"DB7_43357.58119484_9_14_16_8_39.Table.1.selections.txt",0.5,10,"no overlap",15.546237773276
"DB7_43357.58119484_9_14_16_8_39.wav",17,4.560745651,4.635384146,"DB7_43357.58119484_9_14_16_8_39.Table.1.selections.txt",0.5,10,"no overlap",17.7531840107773
"DB7_43357.58119484_9_14_16_8_39.wav",18,4.66372391,4.830647986,"DB7_43357.58119484_9_14_16_8_39.Table.1.selections.txt",0.5,10,"no overlap",28.5940079711372
"DB7_43357.58119484_9_14_16_8_39.wav",19,4.880229297,5.10009463,"DB7_43357.58119484_9_14_16_8_39.Table.1.selections.txt",0.5,10,"no overlap",40.8156184700771
"DG124DB_43559.30160960_4_4_8_22_40.wav",1,0.344935278,0.393197827,"DG124DB_43559.30160960_4_4_8_22_40.Table.1.selections.txt",0.5,10,NA,3.91020383318508
"DG124DB_43559.30160960_4_4_8_22_40.wav",2,1.855168293,1.902011355,"DG124DB_43559.30160960_4_4_8_22_40.Table.1.selections.txt",0.5,10,NA,7.52864783256852
"DG124DB_43559.30160960_4_4_8_22_40.wav",3,2.293252704,2.339386023,"DG124DB_43559.30160960_4_4_8_22_40.Table.1.selections.txt",0.5,10,NA,6.55793666655461
"DG124DB_43559.30160960_4_4_8_22_40.wav",4,3.187000939,3.217519904,"DG124DB_43559.30160960_4_4_8_22_40.Table.1.selections.txt",0.5,10,NA,7.30381414508176
"DG124DB_43559.30160960_4_4_8_22_40.wav",5,4.642028927,4.687452503,"DG124DB_43559.30160960_4_4_8_22_40.Table.1.selections.txt",0.5,10,NA,7.19112502961117
"DG124DB_43559.30160960_4_4_8_22_40.wav",6,6.115564571,6.157439429,"DG124DB_43559.30160960_4_4_8_22_40.Table.1.selections.txt",0.5,10,NA,4.17763431968103
"DG124DB_43559.30160960_4_4_8_22_40.wav",7,7.611602304,7.651347933,"DG124DB_43559.30160960_4_4_8_22_40.Table.1.selections.txt",0.5,10,NA,3.7200900102798
"DG124DB_43559.30160960_4_4_8_22_40.wav",8,8.865608229,8.923452314,"DG124DB_43559.30160960_4_4_8_22_40.Table.1.selections.txt",0.5,10,NA,-2.18469884723879
"DG124DB_43559.30160960_4_4_8_22_40.wav",9,9.105501488,9.160506599,"DG124DB_43559.30160960_4_4_8_22_40.Table.1.selections.txt",0.5,10,NA,11.2185034077045
"DG124DB_43559.30160960_4_4_8_22_40.wav",10,9.396334142,9.455952585,"DG124DB_43559.30160960_4_4_8_22_40.Table.1.selections.txt",0.5,10,NA,17.4893040063915
"DG124DB_43559.30160960_4_4_8_22_40.wav",11,9.576254086,9.641195605,"DG124DB_43559.30160960_4_4_8_22_40.Table.1.selections.txt",0.5,10,NA,-1.57389053772779
"DG124DB_43559.30160960_4_4_8_22_40.wav",12,9.797914297,9.865339917,"DG124DB_43559.30160960_4_4_8_22_40.Table.1.selections.txt",0.5,10,NA,11.4532783634564
"DG124DB_43559.30160960_4_4_8_22_40.wav",13,10.110428492,10.177854112,"DG124DB_43559.30160960_4_4_8_22_40.Table.1.selections.txt",0.5,10,NA,3.30801571074023
"DG124DB_43559.30160960_4_4_8_22_40.wav",14,10.271540237,10.338610985,"DG124DB_43559.30160960_4_4_8_22_40.Table.1.selections.txt",0.5,10,NA,3.10785034181108
"DG124DB_43559.30160960_4_4_8_22_40.wav",15,10.516023446,10.589481885,"DG124DB_43559.30160960_4_4_8_22_40.Table.1.selections.txt",0.5,10,NA,4.44213786105722
"DG124DB_43559.30160960_4_4_8_22_40.wav",16,10.661329366,10.754305747,"DG124DB_43559.30160960_4_4_8_22_40.Table.1.selections.txt",0.5,10,NA,24.5829114423863
"DG124DB_43559.30160960_4_4_8_22_40.wav",17,10.867239484,10.945028458,"DG124DB_43559.30160960_4_4_8_22_40.Table.1.selections.txt",0.5,10,NA,22.4676042398315
"DG124DB_43559.30160960_4_4_8_22_40.wav",18,11.031936233,11.112736393,"DG124DB_43559.30160960_4_4_8_22_40.Table.1.selections.txt",0.5,10,NA,21.2100520372956
"DG124DB_43559.30160960_4_4_8_22_40.wav",19,11.180206359,11.358368203,"DG124DB_43559.30160960_4_4_8_22_40.Table.1.selections.txt",0.5,10,NA,17.1440082273021
"DG124DB_43559.30160960_4_4_8_22_40.wav",20,11.708403626,11.787949126,"DG124DB_43559.30160960_4_4_8_22_40.Table.1.selections.txt",0.5,10,NA,6.63709730721796
"DG124DB_43559.30160960_4_4_8_22_40.wav",21,11.872984344,11.9523097,"DG124DB_43559.30160960_4_4_8_22_40.Table.1.selections.txt",0.5,10,NA,18.3236516276124
"DG124DB_43559.30160960_4_4_8_22_40.wav",22,12.050001598,12.134314809,"DG124DB_43559.30160960_4_4_8_22_40.Table.1.selections.txt",0.5,10,NA,12.0756405101704
"DG124DB_43559.30160960_4_4_8_22_40.wav",23,12.200592253,12.383270876,"DG124DB_43559.30160960_4_4_8_22_40.Table.1.selections.txt",0.5,10,NA,13.4139009108486
"DG124DB_43559.30160960_4_4_8_22_40.wav",24,12.459367338,12.560743936,"DG124DB_43559.30160960_4_4_8_22_40.Table.1.selections.txt",0.5,10,NA,8.79193408492626
"DG124DB_43559.30160960_4_4_8_22_40.wav",25,12.586589699,12.783571456,"DG124DB_43559.30160960_4_4_8_22_40.Table.1.selections.txt",0.5,10,NA,21.0110044426418
"DG124DB_43559.30160960_4_4_8_22_40.wav",26,13.037766309,13.091465795,"DG124DB_43559.30160960_4_4_8_22_40.Table.1.selections.txt",0.5,10,NA,3.42144491857029
"DG124DB_43559.30160960_4_4_8_22_40.wav",27,13.459913258,13.536698503,"DG124DB_43559.30160960_4_4_8_22_40.Table.1.selections.txt",0.5,10,NA,20.5475921549875
"DG124DB_43559.30160960_4_4_8_22_40.wav",28,13.621544928,13.799204908,"DG124DB_43559.30160960_4_4_8_22_40.Table.1.selections.txt",0.5,10,NA,30.3725446201292
"DG124DB_43559.30160960_4_4_8_22_40.wav",29,14.58362188,14.628789671,"DG124DB_43559.30160960_4_4_8_22_40.Table.1.selections.txt",0.5,10,NA,0.845252522179546
"Gold183_43555.5549813_3_31_1_32_29.wav",1,0.349759822,0.465088624,"Gold183_43555.5549813_3_31_1_32_29.Table.1.selections.txt",0.5,10,"no overlap",18.0420905547447
"Gold183_43555.5549813_3_31_1_32_29.wav",2,0.513964027,0.64301224,"Gold183_43555.5549813_3_31_1_32_29.Table.1.selections.txt",0.5,10,"no overlap",25.2215158506033
"Gry35HP_43455.29800260_12_21_8_16_40.wav",1,0.352207804,0.425252769,"Gry35HP_43455.29800260_12_21_8_16_40.Table.1.selections.txt",0.5,10,"no overlap",6.30121431062079
"Gry35HP_43455.29800260_12_21_8_16_40.wav",2,0.569313672,0.676344835,"Gry35HP_43455.29800260_12_21_8_16_40.Table.1.selections.txt",0.5,10,"no overlap",14.5138041161154
"Gry35HP_43455.29800260_12_21_8_16_40.wav",3,0.731635816,0.84171052,"Gry35HP_43455.29800260_12_21_8_16_40.Table.1.selections.txt",0.5,10,"no overlap",21.3604368414051
"Gry35HP_43455.29800260_12_21_8_16_40.wav",4,1.948836662,2.059418623,"Gry35HP_43455.29800260_12_21_8_16_40.Table.1.selections.txt",0.5,10,"no overlap",17.4101458317833
"Gry35HP_43455.29800260_12_21_8_16_40.wav",5,2.185725541,2.294278475,"Gry35HP_43455.29800260_12_21_8_16_40.Table.1.selections.txt",0.5,10,"no overlap",10.0329161618793
"Gry35HP_43455.29800260_12_21_8_16_40.wav",6,2.736793832,2.848897562,"Gry35HP_43455.29800260_12_21_8_16_40.Table.1.selections.txt",0.5,10,"no overlap",20.4302649834247
"Gry35HP_43455.29800260_12_21_8_16_40.wav",7,2.897594206,3.009697936,"Gry35HP_43455.29800260_12_21_8_16_40.Table.1.selections.txt",0.5,10,"no overlap",21.8184642755417
"Gry35HP_43455.29800260_12_21_8_16_40.wav",8,3.080171585,3.262783997,"Gry35HP_43455.29800260_12_21_8_16_40.Table.1.selections.txt",0.5,10,"no overlap",30.188625421439
"Gry35HP_43455.29800260_12_21_8_16_40.wav",9,3.291633332,3.411345913,"Gry35HP_43455.29800260_12_21_8_16_40.Table.1.selections.txt",0.5,10,"no overlap",12.2344584032814
"Gry35HP_43455.29800260_12_21_8_16_40.wav",10,3.449390166,3.533087521,"Gry35HP_43455.29800260_12_21_8_16_40.Table.1.selections.txt",0.5,10,"no overlap",16.076925390416
"Gry35HP_43455.29800260_12_21_8_16_40.wav",11,3.555964805,3.601617907,"Gry35HP_43455.29800260_12_21_8_16_40.Table.1.selections.txt",0.5,10,"no overlap",19.9486545435169
"Gry35HP_43455.29800260_12_21_8_16_40.wav",12,3.635604106,3.816694748,"Gry35HP_43455.29800260_12_21_8_16_40.Table.1.selections.txt",0.5,10,"no overlap",24.5253015402995
"Gry35HP_43455.29800260_12_21_8_16_40.wav",13,3.84865192,3.970900785,"Gry35HP_43455.29800260_12_21_8_16_40.Table.1.selections.txt",0.5,10,"no overlap",17.2132732590524
"Gry35HP_43455.29800260_12_21_8_16_40.wav",14,4.005917482,4.089614838,"Gry35HP_43455.29800260_12_21_8_16_40.Table.1.selections.txt",0.5,10,"no overlap",9.27620306671774
"Gry35HP_43455.29800260_12_21_8_16_40.wav",15,4.113963159,4.162659803,"Gry35HP_43455.29800260_12_21_8_16_40.Table.1.selections.txt",0.5,10,"no overlap",13.5329101527769
"Gry35HP_43455.29800260_12_21_8_16_40.wav",16,4.190558921,4.377229387,"Gry35HP_43455.29800260_12_21_8_16_40.Table.1.selections.txt",0.5,10,"no overlap",25.3993021573946
"Gry35HP_43455.29800260_12_21_8_16_40.wav",17,4.407954517,4.527667098,"Gry35HP_43455.29800260_12_21_8_16_40.Table.1.selections.txt",0.5,10,"no overlap",17.7651539452561
"Gry35HP_43455.29800260_12_21_8_16_40.wav",18,4.569262148,4.65498853,"Gry35HP_43455.29800260_12_21_8_16_40.Table.1.selections.txt",0.5,10,"no overlap",19.399063826426
"Gry35HP_43455.29800260_12_21_8_16_40.wav",19,4.675278798,4.722960928,"Gry35HP_43455.29800260_12_21_8_16_40.Table.1.selections.txt",0.5,10,"no overlap",19.3952308791504
"Gry35HP_43455.29800260_12_21_8_16_40.wav",20,4.754252128,4.93838631,"Gry35HP_43455.29800260_12_21_8_16_40.Table.1.selections.txt",0.5,10,"no overlap",18.8206483780506
"Gry35HP_43455.29800260_12_21_8_16_40.wav",21,4.970343482,5.092592347,"Gry35HP_43455.29800260_12_21_8_16_40.Table.1.selections.txt",0.5,10,"no overlap",20.3027512860362
"Gry35HP_43455.29800260_12_21_8_16_40.wav",22,5.142923476,5.221548265,"Gry35HP_43455.29800260_12_21_8_16_40.Table.1.selections.txt",0.5,10,"no overlap",17.4859844739564
"Gry35HP_43455.29800260_12_21_8_16_40.wav",23,5.317419781,5.376768815,"Gry35HP_43455.29800260_12_21_8_16_40.Table.1.selections.txt",0.5,10,"no overlap",19.276409358458
"Gry35HP_43455.29800260_12_21_8_16_40.wav",24,6.335926188,6.546437718,"Gry35HP_43455.29800260_12_21_8_16_40.Table.1.selections.txt",0.5,10,"no overlap",29.5726600703317
"Gry35HP_43455.29800260_12_21_8_16_40.wav",25,6.586003741,6.680860744,"Gry35HP_43455.29800260_12_21_8_16_40.Table.1.selections.txt",0.5,10,"no overlap",22.3096799883799
"Gry35HP_43455.29800260_12_21_8_16_40.wav",26,6.715354199,6.814776512,"Gry35HP_43455.29800260_12_21_8_16_40.Table.1.selections.txt",0.5,10,"no overlap",26.3551143970156
"GRY37HP_43442.27431670_12_8_7_37_11.wav",1,5.925032881,5.990937731,"GRY37HP_43442.27431670_12_8_7_37_11.Table.1.selections.txt",0.5,10,"no overlap",7.31227143782019
"GRY37HP_43442.27431670_12_8_7_37_11.wav",2,6.005859584,6.119016968,"GRY37HP_43442.27431670_12_8_7_37_11.Table.1.selections.txt",0.5,10,"no overlap",18.7180652547134
"GRY37HP_43442.27431670_12_8_7_37_11.wav",3,6.155078113,6.22533517,"GRY37HP_43442.27431670_12_8_7_37_11.Table.1.selections.txt",0.5,10,"no overlap",14.2646608400749
"GRY37HP_43442.27431670_12_8_7_37_11.wav",4,6.24150051,6.351549175,"GRY37HP_43442.27431670_12_8_7_37_11.Table.1.selections.txt",0.5,10,"no overlap",24.0822940575003
"GRY37HP_43442.27431670_12_8_7_37_11.wav",5,6.380771137,6.452893426,"GRY37HP_43442.27431670_12_8_7_37_11.Table.1.selections.txt",0.5,10,"no overlap",21.1437927105208
"GRY37HP_43442.27431670_12_8_7_37_11.wav",6,6.470923998,6.579107431,"GRY37HP_43442.27431670_12_8_7_37_11.Table.1.selections.txt",0.5,10,"no overlap",23.2692687785448
"GRY37HP_43442.27431670_12_8_7_37_11.wav",7,6.610759978,6.681638779,"GRY37HP_43442.27431670_12_8_7_37_11.Table.1.selections.txt",0.5,10,"no overlap",18.8291777747028
"GRY37HP_43442.27431670_12_8_7_37_11.wav",8,6.697182376,6.80723104,"GRY37HP_43442.27431670_12_8_7_37_11.Table.1.selections.txt",0.5,10,"no overlap",17.4201297538113
"GRY37HP_43442.27431670_12_8_7_37_11.wav",9,6.838939978,6.91168401,"GRY37HP_43442.27431670_12_8_7_37_11.Table.1.selections.txt",0.5,10,"no overlap",17.0591867801167
"GRY37HP_43442.27431670_12_8_7_37_11.wav",10,6.927538612,7.037587277,"GRY37HP_43442.27431670_12_8_7_37_11.Table.1.selections.txt",0.5,10,"no overlap",16.2808209803626
"GRY37HP_43442.27431670_12_8_7_37_11.wav",11,7.077378884,7.148879429,"GRY37HP_43442.27431670_12_8_7_37_11.Table.1.selections.txt",0.5,10,"no overlap",22.4668929729954
"GRY37HP_43442.27431670_12_8_7_37_11.wav",12,7.168153489,7.276336923,"GRY37HP_43442.27431670_12_8_7_37_11.Table.1.selections.txt",0.5,10,"no overlap",18.4740440794071
"GRY37HP_43442.27431670_12_8_7_37_11.wav",13,7.315051844,7.387795877,"GRY37HP_43442.27431670_12_8_7_37_11.Table.1.selections.txt",0.5,10,"no overlap",15.8648072305875
"GRY37HP_43442.27431670_12_8_7_37_11.wav",14,7.404582961,7.514631626,"GRY37HP_43442.27431670_12_8_7_37_11.Table.1.selections.txt",0.5,10,"no overlap",16.6334669928794
"GRY37HP_43442.27431670_12_8_7_37_11.wav",15,7.557531953,7.631519473,"GRY37HP_43442.27431670_12_8_7_37_11.Table.1.selections.txt",0.5,10,"no overlap",22.227748550241
"GRY37HP_43442.27431670_12_8_7_37_11.wav",16,7.648306558,7.761463942,"GRY37HP_43442.27431670_12_8_7_37_11.Table.1.selections.txt",0.5,10,"no overlap",16.8174084991505
"GRY37HP_43442.27431670_12_8_7_37_11.wav",17,7.800394685,7.876247437,"GRY37HP_43442.27431670_12_8_7_37_11.Table.1.selections.txt",0.5,10,"no overlap",18.4575092972515
"GRY37HP_43442.27431670_12_8_7_37_11.wav",18,7.895521497,8.005570161,"GRY37HP_43442.27431670_12_8_7_37_11.Table.1.selections.txt",0.5,10,"no overlap",20.0147898733176
"GRY37HP_43442.27431670_12_8_7_37_11.wav",19,8.049092232,8.12432324,"GRY37HP_43442.27431670_12_8_7_37_11.Table.1.selections.txt",0.5,10,"no overlap",15.3573772349726
"GRY37HP_43442.27431670_12_8_7_37_11.wav",20,8.139148724,8.25417134,"GRY37HP_43442.27431670_12_8_7_37_11.Table.1.selections.txt",0.5,10,"no overlap",4.001671597763
"GRY37HP_43442.27431670_12_8_7_37_11.wav",21,8.320697934,8.395928942,"GRY37HP_43442.27431670_12_8_7_37_11.Table.1.selections.txt",0.5,10,"no overlap",0.640194835341695
"GRY37HP_43442.27431670_12_8_7_37_11.wav",22,8.41333777,8.527738642,"GRY37HP_43442.27431670_12_8_7_37_11.Table.1.selections.txt",0.5,10,"no overlap",10.283502800666
"GRY37HP_43442.27431670_12_8_7_37_11.wav",23,8.568097054,8.647058525,"GRY37HP_43442.27431670_12_8_7_37_11.Table.1.selections.txt",0.5,10,"no overlap",9.61633844417278
"GRY37HP_43442.27431670_12_8_7_37_11.wav",24,8.659493403,8.774516019,"GRY37HP_43442.27431670_12_8_7_37_11.Table.1.selections.txt",0.5,10,"no overlap",22.3330380540537
"GRY37HP_43442.27431670_12_8_7_37_11.wav",25,8.820525065,8.896377817,"GRY37HP_43442.27431670_12_8_7_37_11.Table.1.selections.txt",0.5,10,"no overlap",16.7702146097089
"GRY37HP_43442.27431670_12_8_7_37_11.wav",26,8.914431955,9.030698059,"GRY37HP_43442.27431670_12_8_7_37_11.Table.1.selections.txt",0.5,10,"no overlap",19.8536620929166
"GRY37HP_43442.27431670_12_8_7_37_11.wav",27,9.07422013,9.151316369,"GRY37HP_43442.27431670_12_8_7_37_11.Table.1.selections.txt",0.5,10,"no overlap",19.4141541838854
"GRY37HP_43442.27431670_12_8_7_37_11.wav",28,9.168103454,9.284991301,"GRY37HP_43442.27431670_12_8_7_37_11.Table.1.selections.txt",0.5,10,"no overlap",18.0040127941864
"GRY37HP_43442.27431670_12_8_7_37_11.wav",29,9.327269884,9.406231356,"GRY37HP_43442.27431670_12_8_7_37_11.Table.1.selections.txt",0.5,10,"no overlap",6.9388238800767
"GRY37HP_43442.27431670_12_8_7_37_11.wav",30,9.420658288,9.537546135,"GRY37HP_43442.27431670_12_8_7_37_11.Table.1.selections.txt",0.5,10,"no overlap",12.4078080474632
"GRY37HP_43442.27431670_12_8_7_37_11.wav",31,9.586663901,9.663138397,"GRY37HP_43442.27431670_12_8_7_37_11.Table.1.selections.txt",0.5,10,"no overlap",11.2421562537839
"GRY37HP_43442.27431670_12_8_7_37_11.wav",32,9.681790713,9.797435072,"GRY37HP_43442.27431670_12_8_7_37_11.Table.1.selections.txt",0.5,10,"no overlap",17.285644035072
"GRY37HP_43442.27431670_12_8_7_37_11.wav",33,9.840095794,9.917192034,"GRY37HP_43442.27431670_12_8_7_37_11.Table.1.selections.txt",0.5,10,"no overlap",19.8094604968207
"GRY37HP_43442.27431670_12_8_7_37_11.wav",34,9.932113887,10.050245222,"GRY37HP_43442.27431670_12_8_7_37_11.Table.1.selections.txt",0.5,10,"no overlap",19.4018996948606
"GRY37HP_43442.27431670_12_8_7_37_11.wav",35,10.091280317,10.168376557,"GRY37HP_43442.27431670_12_8_7_37_11.Table.1.selections.txt",0.5,10,"no overlap",20.1332307378252
"GRY37HP_43442.27431670_12_8_7_37_11.wav",36,10.185163642,10.302051489,"GRY37HP_43442.27431670_12_8_7_37_11.Table.1.selections.txt",0.5,10,"no overlap",17.0980649893445
"GRY37HP_43442.27431670_12_8_7_37_11.wav",37,10.346475153,10.424814881,"GRY37HP_43442.27431670_12_8_7_37_11.Table.1.selections.txt",0.5,10,"no overlap",24.2607348918498
"GRY37HP_43442.27431670_12_8_7_37_11.wav",38,10.443467197,10.559111556,"GRY37HP_43442.27431670_12_8_7_37_11.Table.1.selections.txt",0.5,10,"no overlap",17.6316504281083
"GRY37HP_43442.27431670_12_8_7_37_11.wav",39,10.605742347,10.68346033,"GRY37HP_43442.27431670_12_8_7_37_11.Table.1.selections.txt",0.5,10,"no overlap",23.0277768305747
"GRY37HP_43442.27431670_12_8_7_37_11.wav",40,10.705164975,10.817700615,"GRY37HP_43442.27431670_12_8_7_37_11.Table.1.selections.txt",0.5,10,"no overlap",19.1854934288132
"GRY37HP_43442.27431670_12_8_7_37_11.wav",41,10.864953149,10.945158108,"GRY37HP_43442.27431670_12_8_7_37_11.Table.1.selections.txt",0.5,10,"no overlap",15.4442264406929
"GRY37HP_43442.27431670_12_8_7_37_11.wav",42,10.961945193,11.077589552,"GRY37HP_43442.27431670_12_8_7_37_11.Table.1.selections.txt",0.5,10,"no overlap",18.4888956746591
"GRY37HP_43442.27431670_12_8_7_37_11.wav",43,11.13665522,11.215616691,"GRY37HP_43442.27431670_12_8_7_37_11.Table.1.selections.txt",0.5,10,"no overlap",21.6612770447137
"GRY37HP_43442.27431670_12_8_7_37_11.wav",44,11.23304123,11.350550822,"GRY37HP_43442.27431670_12_8_7_37_11.Table.1.selections.txt",0.5,10,"no overlap",21.2072645424368
"GRY37HP_43442.27431670_12_8_7_37_11.wav",45,11.408373001,11.484225753,"GRY37HP_43442.27431670_12_8_7_37_11.Table.1.selections.txt",0.5,10,"no overlap",15.0235962405674
"GRY37HP_43442.27431670_12_8_7_37_11.wav",46,11.502256326,11.619765917,"GRY37HP_43442.27431670_12_8_7_37_11.Table.1.selections.txt",0.5,10,"no overlap",20.3076991972593
"GRY37HP_43442.27431670_12_8_7_37_11.wav",47,12.250300343,12.325531351,"GRY37HP_43442.27431670_12_8_7_37_11.Table.1.selections.txt",0.5,10,"no overlap",18.7492943683246
"GRY37HP_43442.27431670_12_8_7_37_11.wav",48,12.341696692,12.456097564,"GRY37HP_43442.27431670_12_8_7_37_11.Table.1.selections.txt",0.5,10,"no overlap",23.0656525245214
"GRY37HP_43442.27431670_12_8_7_37_11.wav",49,12.50210661,12.57920285,"GRY37HP_43442.27431670_12_8_7_37_11.Table.1.selections.txt",0.5,10,"no overlap",22.6574237685632
"GRY37HP_43442.27431670_12_8_7_37_11.wav",50,12.594746446,12.71101255,"GRY37HP_43442.27431670_12_8_7_37_11.Table.1.selections.txt",0.5,10,"no overlap",16.0346855590804
"GRY37HP_43442.27431670_12_8_7_37_11.wav",51,12.775052168,12.85090492,"GRY37HP_43442.27431670_12_8_7_37_11.Table.1.selections.txt",0.5,10,"no overlap",17.0436519887642
"GRY37HP_43442.27431670_12_8_7_37_11.wav",52,12.868042988,12.986174323,"GRY37HP_43442.27431670_12_8_7_37_11.Table.1.selections.txt",0.5,10,"no overlap",15.3294369546711
"GRY37HP_43442.27431670_12_8_7_37_11.wav",53,13.065135795,13.141610291,"GRY37HP_43442.27431670_12_8_7_37_11.Table.1.selections.txt",0.5,10,"no overlap",22.8063374454447
"GRY37HP_43442.27431670_12_8_7_37_11.wav",54,13.159640863,13.272798247,"GRY37HP_43442.27431670_12_8_7_37_11.Table.1.selections.txt",0.5,10,"no overlap",17.8772090471123
"HP23HP_43463.28700702_12_29_7_58_20.wav",1,3.1208994,3.263863445,"HP23HP_43463.28700702_12_29_7_58_20.Table.1.selections.txt",0.5,10,"no overlap",25.746821888722
"HP23HP_43463.28700702_12_29_7_58_20.wav",2,3.300904129,3.445817683,"HP23HP_43463.28700702_12_29_7_58_20.Table.1.selections.txt",0.5,10,"no overlap",23.3537971637118
"HP23HP_43463.28700702_12_29_7_58_20.wav",3,5.242796899,5.284386439,"HP23HP_43463.28700702_12_29_7_58_20.Table.1.selections.txt",0.5,10,"no overlap",10.4142274287663
"HP23HP_43463.28700702_12_29_7_58_20.wav",4,5.649584236,5.693773123,"HP23HP_43463.28700702_12_29_7_58_20.Table.1.selections.txt",0.5,10,"no overlap",9.14266024433323
"HP23HP_43463.28700702_12_29_7_58_20.wav",5,5.900421151,5.941360855,"HP23HP_43463.28700702_12_29_7_58_20.Table.1.selections.txt",0.5,10,"no overlap",12.0399943430668
"HP23HP_43463.28700702_12_29_7_58_20.wav",6,6.06898642,6.109926124,"HP23HP_43463.28700702_12_29_7_58_20.Table.1.selections.txt",0.5,10,"no overlap",14.8709531415357
"HP23HP_43463.28700702_12_29_7_58_20.wav",7,6.320277236,6.347570372,"HP23HP_43463.28700702_12_29_7_58_20.Table.1.selections.txt",0.5,10,"no overlap",15.4616074744114
"HP23HP_43463.28700702_12_29_7_58_20.wav",8,6.383961219,6.424900923,"HP23HP_43463.28700702_12_29_7_58_20.Table.1.selections.txt",0.5,10,"no overlap",15.8754158334805
"HP23HP_43463.28700702_12_29_7_58_20.wav",9,6.526925264,6.6146532,"HP23HP_43463.28700702_12_29_7_58_20.Table.1.selections.txt",0.5,10,"no overlap",9.78874943867569
"HP23HP_43463.28700702_12_29_7_58_20.wav",10,6.652944983,6.725076842,"HP23HP_43463.28700702_12_29_7_58_20.Table.1.selections.txt",0.5,10,"no overlap",17.3646472942893
"HP23HP_43463.28700702_12_29_7_58_20.wav",11,6.747171285,6.892084839,"HP23HP_43463.28700702_12_29_7_58_20.Table.1.selections.txt",0.5,10,"no overlap",15.1368867793924
"HP23HP_43463.28700702_12_29_7_58_20.wav",12,6.925144135,7.000525177,"HP23HP_43463.28700702_12_29_7_58_20.Table.1.selections.txt",0.5,10,"no overlap",19.4871334370891
"HP23HP_43463.28700702_12_29_7_58_20.wav",13,7.02067011,7.103849191,"HP23HP_43463.28700702_12_29_7_58_20.Table.1.selections.txt",0.5,10,"no overlap",16.2355859484222
"HP23HP_43463.28700702_12_29_7_58_20.wav",14,7.139590202,7.211072224,"HP23HP_43463.28700702_12_29_7_58_20.Table.1.selections.txt",0.5,10,"no overlap",21.6482166680093
"HP23HP_43463.28700702_12_29_7_58_20.wav",15,7.244213889,7.296850651,"HP23HP_43463.28700702_12_29_7_58_20.Table.1.selections.txt",0.5,10,"no overlap",17.6882578083976
"HP23HP_43463.28700702_12_29_7_58_20.wav",16,7.335751818,7.404634494,"HP23HP_43463.28700702_12_29_7_58_20.Table.1.selections.txt",0.5,10,"no overlap",11.162536436673
"HP23HP_43463.28700702_12_29_7_58_20.wav",17,7.430627957,7.576191347,"HP23HP_43463.28700702_12_29_7_58_20.Table.1.selections.txt",0.5,10,"no overlap",17.3436779527268
"HP23HP_43463.28700702_12_29_7_58_20.wav",18,7.610632685,7.686013727,"HP23HP_43463.28700702_12_29_7_58_20.Table.1.selections.txt",0.5,10,"no overlap",22.4361354673012
"HP23HP_43463.28700702_12_29_7_58_20.wav",19,7.709407844,7.793236761,"HP23HP_43463.28700702_12_29_7_58_20.Table.1.selections.txt",0.5,10,"no overlap",22.8138052660005
"HP23HP_43463.28700702_12_29_7_58_20.wav",20,7.826522457,7.89800448,"HP23HP_43463.28700702_12_29_7_58_20.Table.1.selections.txt",0.5,10,"no overlap",26.1922637496151
"HP23HP_43463.28700702_12_29_7_58_20.wav",21,7.932445818,7.988331762,"HP23HP_43463.28700702_12_29_7_58_20.Table.1.selections.txt",0.5,10,"no overlap",18.6695630057776
"HP23HP_43463.28700702_12_29_7_58_20.wav",22,8.02472261,8.094255123,"HP23HP_43463.28700702_12_29_7_58_20.Table.1.selections.txt",0.5,10,"no overlap",8.2842945130599
"HP23HP_43463.28700702_12_29_7_58_20.wav",23,8.118670241,8.270082161,"HP23HP_43463.28700702_12_29_7_58_20.Table.1.selections.txt",0.5,10,"no overlap",20.1628629754937
"HP23HP_43463.28700702_12_29_7_58_20.wav",24,8.30062448,8.377955031,"HP23HP_43463.28700702_12_29_7_58_20.Table.1.selections.txt",0.5,10,"no overlap",20.4115174915478
"HP23HP_43463.28700702_12_29_7_58_20.wav",25,8.400049474,8.484528228,"HP23HP_43463.28700702_12_29_7_58_20.Table.1.selections.txt",0.5,10,"no overlap",23.9244630927084
"HP23HP_43463.28700702_12_29_7_58_20.wav",26,8.517669893,8.592401098,"HP23HP_43463.28700702_12_29_7_58_20.Table.1.selections.txt",0.5,10,"no overlap",23.4728079490569
"HP23HP_43463.28700702_12_29_7_58_20.wav",27,8.624538544,8.681724162,"HP23HP_43463.28700702_12_29_7_58_20.Table.1.selections.txt",0.5,10,"no overlap",27.2605259183434
"HP23HP_43463.28700702_12_29_7_58_20.wav",28,8.717465173,8.792196378,"HP23HP_43463.28700702_12_29_7_58_20.Table.1.selections.txt",0.5,10,"no overlap",9.05429955051436
"HP23HP_43463.28700702_12_29_7_58_20.wav",29,8.811691475,8.962453558,"HP23HP_43463.28700702_12_29_7_58_20.Table.1.selections.txt",0.5,10,"no overlap",12.5732536203269
"HP23HP_43463.28700702_12_29_7_58_20.wav",30,8.995506196,9.074136421,"HP23HP_43463.28700702_12_29_7_58_20.Table.1.selections.txt",0.5,10,"no overlap",19.1947423275153
"HP23HP_43463.28700702_12_29_7_58_20.wav",31,9.096880701,9.183308964,"HP23HP_43463.28700702_12_29_7_58_20.Table.1.selections.txt",0.5,10,"no overlap",21.1212226042093
"HP23HP_43463.28700702_12_29_7_58_20.wav",32,9.217100465,9.291181834,"HP23HP_43463.28700702_12_29_7_58_20.Table.1.selections.txt",0.5,10,"no overlap",21.6409494533296
"HP23HP_43463.28700702_12_29_7_58_20.wav",33,9.33732023,9.361364183,"HP23HP_43463.28700702_12_29_7_58_20.Table.1.selections.txt",0.5,10,"no overlap",1.0039390673377
"LB18_43505.28993133_2_9_8_3_13.wav",1,3.267566223,3.406340509,"LB18_43505.28993133_2_9_8_3_13.Table.1.selections.txt",0.5,10,"no overlap",28.8249659169854
"LB18_43505.28993133_2_9_8_3_13.wav",2,3.44165919,3.577933038,"LB18_43505.28993133_2_9_8_3_13.Table.1.selections.txt",0.5,10,"no overlap",35.3516450254495
"LB18_43505.28993133_2_9_8_3_13.wav",3,6.31410298,6.452564712,"LB18_43505.28993133_2_9_8_3_13.Table.1.selections.txt",0.5,10,"no overlap",31.1389401890853
"LB18_43505.28993133_2_9_8_3_13.wav",4,6.491634049,6.625720014,"LB18_43505.28993133_2_9_8_3_13.Table.1.selections.txt",0.5,10,"no overlap",32.1999062081242
"LB18_43505.28993133_2_9_8_3_13.wav",5,9.360207881,9.51586012,"LB18_43505.28993133_2_9_8_3_13.Table.1.selections.txt",0.5,10,"overlapping sound",20.878602984958
"LB18_43505.28993133_2_9_8_3_13.wav",6,10.844004864,10.983716814,"LB18_43505.28993133_2_9_8_3_13.Table.1.selections.txt",0.5,10,"no overlap",34.1918661952176
"LB18_43505.28993133_2_9_8_3_13.wav",7,11.015909948,11.153434015,"LB18_43505.28993133_2_9_8_3_13.Table.1.selections.txt",0.5,10,"no overlap",26.0514838125613
"LB18_43505.28993133_2_9_8_3_13.wav",8,11.19394874,11.329597479,"LB18_43505.28993133_2_9_8_3_13.Table.1.selections.txt",0.5,10,"no overlap",27.2976501261264
"LB18_43505.28993133_2_9_8_3_13.wav",9,12.329072409,12.368141746,"LB18_43505.28993133_2_9_8_3_13.Table.1.selections.txt",0.5,10,"no overlap",9.46867442919115
"LB18_43505.28993133_2_9_8_3_13.wav",10,12.432840569,12.474410344,"LB18_43505.28993133_2_9_8_3_13.Table.1.selections.txt",0.5,10,"no overlap",8.34277385886405
"LB18_43505.28993133_2_9_8_3_13.wav",11,12.601503033,12.64119748,"LB18_43505.28993133_2_9_8_3_13.Table.1.selections.txt",0.5,10,"no overlap",11.306006253345
"LB18_43505.28993133_2_9_8_3_13.wav",12,12.710897177,12.74965396,"LB18_43505.28993133_2_9_8_3_13.Table.1.selections.txt",0.5,10,"no overlap",15.8806855855784
"LB18_43505.28993133_2_9_8_3_13.wav",13,12.800658442,12.871608359,"LB18_43505.28993133_2_9_8_3_13.Table.1.selections.txt",0.5,10,"no overlap",22.789123134299
"LB18_43505.28993133_2_9_8_3_13.wav",14,12.907864704,12.977876956,"LB18_43505.28993133_2_9_8_3_13.Table.1.selections.txt",0.5,10,"no overlap",19.237455106531
"LB18_43505.28993133_2_9_8_3_13.wav",15,13.013138267,13.083775629,"LB18_43505.28993133_2_9_8_3_13.Table.1.selections.txt",0.5,10,"no overlap",15.3462058996139
"LB18_43505.28993133_2_9_8_3_13.wav",16,13.112218107,13.145661459,"LB18_43505.28993133_2_9_8_3_13.Table.1.selections.txt",0.5,10,"no overlap",11.9789261976871
"LB18_43505.28993133_2_9_8_3_13.wav",17,13.171916054,13.372229621,"LB18_43505.28993133_2_9_8_3_13.Table.1.selections.txt",0.5,10,"no overlap",19.7359772784574
"LB18_43505.28993133_2_9_8_3_13.wav",18,13.408071001,13.478708363,"LB18_43505.28993133_2_9_8_3_13.Table.1.selections.txt",0.5,10,"no overlap",22.6729405905643
"LB18_43505.28993133_2_9_8_3_13.wav",19,13.514339598,13.566223678,"LB18_43505.28993133_2_9_8_3_13.Table.1.selections.txt",0.5,10,"no overlap",24.5771435816152
"LB18_43505.28993133_2_9_8_3_13.wav",20,13.593728491,13.663740744,"LB18_43505.28993133_2_9_8_3_13.Table.1.selections.txt",0.5,10,"no overlap",15.9513064903537
"LB18_43505.28993133_2_9_8_3_13.wav",21,13.7495759,13.788957792,"LB18_43505.28993133_2_9_8_3_13.Table.1.selections.txt",0.5,10,"no overlap",23.9387260916863
"LB18_43505.28993133_2_9_8_3_13.wav",22,13.818963043,13.967113969,"LB18_43505.28993133_2_9_8_3_13.Table.1.selections.txt",0.5,10,"no overlap",14.9056597806546
"LB18_43505.28993133_2_9_8_3_13.wav",23,14.003370314,14.075883004,"LB18_43505.28993133_2_9_8_3_13.Table.1.selections.txt",0.5,10,"no overlap",24.060551906485
"LB18_43505.28993133_2_9_8_3_13.wav",24,14.109191276,14.162638129,"LB18_43505.28993133_2_9_8_3_13.Table.1.selections.txt",0.5,10,"no overlap",21.123147208498
"LB18_43505.28993133_2_9_8_3_13.wav",25,14.186392286,14.267031398,"LB18_43505.28993133_2_9_8_3_13.Table.1.selections.txt",0.5,10,"no overlap",20.0680827297323
"LB18_43505.28993133_2_9_8_3_13.wav",26,14.368025614,14.432724436,"LB18_43505.28993133_2_9_8_3_13.Table.1.selections.txt",0.5,10,"no overlap",20.1112660574901
"LB18_43505.28993133_2_9_8_3_13.wav",27,14.461792023,14.498986032,"LB18_43505.28993133_2_9_8_3_13.Table.1.selections.txt",0.5,10,"no overlap",24.0251192291712
"LB18_43505.28993133_2_9_8_3_13.wav",28,14.523094964,14.727307785,"LB18_43505.28993133_2_9_8_3_13.Table.1.selections.txt",0.5,10,"no overlap",21.8854276715456
"LB18_43505.28993133_2_9_8_3_13.wav",29,14.761785274,14.832950348,"LB18_43505.28993133_2_9_8_3_13.Table.1.selections.txt",0.5,10,"no overlap",18.2431301612449
"LB18_43505.28993133_2_9_8_3_13.wav",30,14.869637932,14.920470128,"LB18_43505.28993133_2_9_8_3_13.Table.1.selections.txt",0.5,10,"no overlap",23.7759239837749
"LB18_43505.28993133_2_9_8_3_13.wav",31,14.951057315,15.023106427,"LB18_43505.28993133_2_9_8_3_13.Table.1.selections.txt",0.5,10,"no overlap",17.9585178061615
"LB18_43505.28993133_2_9_8_3_13.wav",32,15.110626208,15.152618022,"LB18_43505.28993133_2_9_8_3_13.Table.1.selections.txt",0.5,10,"no overlap",25.8467957166371
"LB18_43505.28993133_2_9_8_3_13.wav",33,15.180805939,15.331534449,"LB18_43505.28993133_2_9_8_3_13.Table.1.selections.txt",0.5,10,"no overlap",18.2196926797718
"LB18_43505.28993133_2_9_8_3_13.wav",34,15.36556992,15.440713165,"LB18_43505.28993133_2_9_8_3_13.Table.1.selections.txt",0.5,10,"no overlap",24.0324368298594
"LB18_43505.28993133_2_9_8_3_13.wav",35,15.474306616,15.526464869,"LB18_43505.28993133_2_9_8_3_13.Table.1.selections.txt",0.5,10,"no overlap",27.8144758305416
"LB18_43505.28993133_2_9_8_3_13.wav",36,15.550775919,15.62857128,"LB18_43505.28993133_2_9_8_3_13.Table.1.selections.txt",0.5,10,"no overlap",18.9763217348657
"LB18_43505.28993133_2_9_8_3_13.wav",37,15.722380215,15.790009136,"LB18_43505.28993133_2_9_8_3_13.Table.1.selections.txt",0.5,10,"no overlap",25.9764767599335
"LB18_43505.28993133_2_9_8_3_13.wav",38,15.818298358,15.855869981,"LB18_43505.28993133_2_9_8_3_13.Table.1.selections.txt",0.5,10,"no overlap",22.9467842714613
"LB18_43505.28993133_2_9_8_3_13.wav",39,15.876202859,16.082183756,"LB18_43505.28993133_2_9_8_3_13.Table.1.selections.txt",0.5,10,"no overlap",14.6291874674586
"LB18_43505.28993133_2_9_8_3_13.wav",40,16.11655994,16.189051072,"LB18_43505.28993133_2_9_8_3_13.Table.1.selections.txt",0.5,10,"no overlap",24.219433095769
"LB18_43505.28993133_2_9_8_3_13.wav",41,16.225738656,16.276128833,"LB18_43505.28993133_2_9_8_3_13.Table.1.selections.txt",0.5,10,"no overlap",24.7104740627152
"LB18_43505.28993133_2_9_8_3_13.wav",42,16.306186131,16.380887358,"LB18_43505.28993133_2_9_8_3_13.Table.1.selections.txt",0.5,10,"no overlap",15.7925451614337
"LB18_43505.28993133_2_9_8_3_13.wav",43,16.477276226,16.517057944,"LB18_43505.28993133_2_9_8_3_13.Table.1.selections.txt",0.5,10,"no overlap",18.8519299843233
"LB18_43505.28993133_2_9_8_3_13.wav",44,16.547999281,16.69916981,"LB18_43505.28993133_2_9_8_3_13.Table.1.selections.txt",0.5,10,"no overlap",19.1163506743257
"LB18_43505.28993133_2_9_8_3_13.wav",45,16.732763261,16.804370354,"LB18_43505.28993133_2_9_8_3_13.Table.1.selections.txt",0.5,10,"no overlap",25.2640143167832
"LB18_43505.28993133_2_9_8_3_13.wav",46,16.841898501,16.893172716,"LB18_43505.28993133_2_9_8_3_13.Table.1.selections.txt",0.5,10,"no overlap",20.6514105184879
"LB18_43505.28993133_2_9_8_3_13.wav",47,16.9205779,16.997489222,"LB18_43505.28993133_2_9_8_3_13.Table.1.selections.txt",0.5,10,"no overlap",16.9609519058788
"LB18_43505.28993133_2_9_8_3_13.wav",48,18.896490279,18.946438436,"LB18_43505.28993133_2_9_8_3_13.Table.1.selections.txt",0.5,10,"overlapping sound",18.5415992505902
"LB80R_43560.32514807_4_5_9_1_54.wav",1,0.388210369,0.461524273,"LB80R_43560.32514807_4_5_9_1_54.Table.1.selections.txt",0.5,10,"no overlap",11.6068002847542
"LB80R_43560.32514807_4_5_9_1_54.wav",2,2.41592065,2.522358305,"LB80R_43560.32514807_4_5_9_1_54.Table.1.selections.txt",0.5,10,"no overlap",14.1108310739843
"LB80R_43560.32514807_4_5_9_1_54.wav",3,3.035742244,3.137321749,"LB80R_43560.32514807_4_5_9_1_54.Table.1.selections.txt",0.5,10,"no overlap",21.305801387405
"LB80R_43560.32514807_4_5_9_1_54.wav",4,4.853102877,4.957332282,"LB80R_43560.32514807_4_5_9_1_54.Table.1.selections.txt",0.5,10,"no overlap",15.9701099298255
"LB80R_43560.32514807_4_5_9_1_54.wav",5,5.101689308,5.14585431,"LB80R_43560.32514807_4_5_9_1_54.Table.1.selections.txt",0.5,10,"no overlap",9.93848847494883
"LB80R_43560.32514807_4_5_9_1_54.wav",6,5.194877462,5.295573667,"LB80R_43560.32514807_4_5_9_1_54.Table.1.selections.txt",0.5,10,"no overlap",14.1449029459776
"LB80R_43560.32514807_4_5_9_1_54.wav",7,5.506251887,5.617106043,"LB80R_43560.32514807_4_5_9_1_54.Table.1.selections.txt",0.5,10,"no overlap",14.6249617688143
"LB80R_43560.32514807_4_5_9_1_54.wav",8,5.709087733,5.818616939,"LB80R_43560.32514807_4_5_9_1_54.Table.1.selections.txt",0.5,10,"no overlap",21.7861681236064
"LB80R_43560.32514807_4_5_9_1_54.wav",9,5.85571554,5.955086795,"LB80R_43560.32514807_4_5_9_1_54.Table.1.selections.txt",0.5,10,"no overlap",16.8484369010971
"LB80R_43560.32514807_4_5_9_1_54.wav",10,5.983794047,6.068590851,"LB80R_43560.32514807_4_5_9_1_54.Table.1.selections.txt",0.5,10,"no overlap",19.3773039366727
"LB80R_43560.32514807_4_5_9_1_54.wav",11,6.088561457,6.231214414,"LB80R_43560.32514807_4_5_9_1_54.Table.1.selections.txt",0.5,10,"no overlap",17.8438852803661
"LB80R_43560.32514807_4_5_9_1_54.wav",12,6.261246615,6.460872425,"LB80R_43560.32514807_4_5_9_1_54.Table.1.selections.txt",0.5,10,"no overlap",13.918226355773
"LB80R_43560.32514807_4_5_9_1_54.wav",13,6.491849616,6.645543823,"LB80R_43560.32514807_4_5_9_1_54.Table.1.selections.txt",0.5,10,"no overlap",26.2363446834481
"LB80R_43560.32514807_4_5_9_1_54.wav",14,6.677342625,6.702516676,"LB80R_43560.32514807_4_5_9_1_54.Table.1.selections.txt",0.5,10,"no overlap",25.6450100565937
"LB80R_43560.32514807_4_5_9_1_54.wav",15,6.732954746,6.7601243,"LB80R_43560.32514807_4_5_9_1_54.Table.1.selections.txt",0.5,10,"no overlap",21.7080420741407
"LB80R_43560.32514807_4_5_9_1_54.wav",16,6.767307055,6.900656476,"LB80R_43560.32514807_4_5_9_1_54.Table.1.selections.txt",0.5,10,"no overlap",20.4901740557946
"LB80R_43560.32514807_4_5_9_1_54.wav",17,6.932454937,6.955876967,"LB80R_43560.32514807_4_5_9_1_54.Table.1.selections.txt",0.5,10,"no overlap",22.8457949393061
"LB80R_43560.32514807_4_5_9_1_54.wav",18,6.966494953,7.122017229,"LB80R_43560.32514807_4_5_9_1_54.Table.1.selections.txt",0.5,10,"no overlap",24.9715094001629
"LB80R_43560.32514807_4_5_9_1_54.wav",19,7.149677746,7.347984261,"LB80R_43560.32514807_4_5_9_1_54.Table.1.selections.txt",0.5,10,"no overlap",18.3880400278363
"LB80R_43560.32514807_4_5_9_1_54.wav",20,7.380641687,7.536163963,"LB80R_43560.32514807_4_5_9_1_54.Table.1.selections.txt",0.5,10,"no overlap",25.8518004439039
"LB80R_43560.32514807_4_5_9_1_54.wav",21,7.569289725,7.593960929,"LB80R_43560.32514807_4_5_9_1_54.Table.1.selections.txt",0.5,10,"no overlap",20.1927758436009
"LB80R_43560.32514807_4_5_9_1_54.wav",22,7.623004245,7.650486093,"LB80R_43560.32514807_4_5_9_1_54.Table.1.selections.txt",0.5,10,"no overlap",19.8529538536583
"LB80R_43560.32514807_4_5_9_1_54.wav",23,7.65860573,7.796639557,"LB80R_43560.32514807_4_5_9_1_54.Table.1.selections.txt",0.5,10,"no overlap",20.7439331237148
"LB80R_43560.32514807_4_5_9_1_54.wav",24,7.83320055,7.857247167,"LB80R_43560.32514807_4_5_9_1_54.Table.1.selections.txt",0.5,10,"no overlap",18.6687058752076
"LB80R_43560.32514807_4_5_9_1_54.wav",25,7.878795434,8.019015316,"LB80R_43560.32514807_4_5_9_1_54.Table.1.selections.txt",0.5,10,"no overlap",9.54618625960307
"LB80R_43560.32514807_4_5_9_1_54.wav",26,8.050267991,8.252946619,"LB80R_43560.32514807_4_5_9_1_54.Table.1.selections.txt",0.5,10,"no overlap",20.1642210489068
"LB80R_43560.32514807_4_5_9_1_54.wav",27,8.285459341,8.440981616,"LB80R_43560.32514807_4_5_9_1_54.Table.1.selections.txt",0.5,10,"no overlap",25.6470093038268
"LB80R_43560.32514807_4_5_9_1_54.wav",28,8.475333925,8.499692836,"LB80R_43560.32514807_4_5_9_1_54.Table.1.selections.txt",0.5,10,"no overlap",19.0171561426782
"LB80R_43560.32514807_4_5_9_1_54.wav",29,8.531479751,8.555526367,"LB80R_43560.32514807_4_5_9_1_54.Table.1.selections.txt",0.5,10,"no overlap",20.1219234933303
"LB80R_43560.32514807_4_5_9_1_54.wav",30,8.565207473,8.706988824,"LB80R_43560.32514807_4_5_9_1_54.Table.1.selections.txt",0.5,10,"no overlap",22.6714831166214
"LB80R_43560.32514807_4_5_9_1_54.wav",31,8.813202189,8.860358542,"LB80R_43560.32514807_4_5_9_1_54.Table.1.selections.txt",0.5,10,"no overlap",13.9283872911853
"LIME3_43372.31656767_9_29_8_47_36.wav",1,0.369578303,0.432977568,"LIME3_43372.31656767_9_29_8_47_36.Table.1.selections.txt",0.5,10,"no overlap",15.3903895443786
"LIME3_43372.31656767_9_29_8_47_36.wav",2,0.637228176,0.701695968,"LIME3_43372.31656767_9_29_8_47_36.Table.1.selections.txt",0.5,10,"no overlap",17.5000920346238
"LIME3_43372.31656767_9_29_8_47_36.wav",3,0.875690495,0.940514463,"LIME3_43372.31656767_9_29_8_47_36.Table.1.selections.txt",0.5,10,"no overlap",12.0231565471729
"LIME3_43372.31656767_9_29_8_47_36.wav",4,1.096934017,1.166744444,"LIME3_43372.31656767_9_29_8_47_36.Table.1.selections.txt",0.5,10,"no overlap",17.8563949854921
"LIME3_43372.31656767_9_29_8_47_36.wav",5,1.219814615,1.288556514,"LIME3_43372.31656767_9_29_8_47_36.Table.1.selections.txt",0.5,10,"no overlap",21.6684942286553
"LIME3_43372.31656767_9_29_8_47_36.wav",6,1.310639404,1.382230709,"LIME3_43372.31656767_9_29_8_47_36.Table.1.selections.txt",0.5,10,"no overlap",23.2968838701916
"LIME3_43372.31656767_9_29_8_47_36.wav",7,1.411178804,1.473153366,"LIME3_43372.31656767_9_29_8_47_36.Table.1.selections.txt",0.5,10,"no overlap",21.1762560431508
"LIME3_43372.31656767_9_29_8_47_36.wav",8,1.498441837,1.653378243,"LIME3_43372.31656767_9_29_8_47_36.Table.1.selections.txt",0.5,10,"no overlap",16.7606912489661
"LIME3_43372.31656767_9_29_8_47_36.wav",9,1.692717577,1.759322423,"LIME3_43372.31656767_9_29_8_47_36.Table.1.selections.txt",0.5,10,"no overlap",20.3538555329852
"LIME3_43372.31656767_9_29_8_47_36.wav",10,1.787816474,1.993329822,"LIME3_43372.31656767_9_29_8_47_36.Table.1.selections.txt",0.5,10,"no overlap",32.7331601726708
"LIME3_43372.31656767_9_29_8_47_36.wav",11,2.035727872,2.102332718,"LIME3_43372.31656767_9_29_8_47_36.Table.1.selections.txt",0.5,10,"no overlap",24.9458342316018
"LIME3_43372.31656767_9_29_8_47_36.wav",12,2.139374985,2.203130426,"LIME3_43372.31656767_9_29_8_47_36.Table.1.selections.txt",0.5,10,"no overlap",20.1117774266855
"LIME3_43372.31656767_9_29_8_47_36.wav",13,2.226507852,2.382512784,"LIME3_43372.31656767_9_29_8_47_36.Table.1.selections.txt",0.5,10,"no overlap",17.0096495954672
"LIME3_43372.31656767_9_29_8_47_36.wav",14,2.419360814,2.487034187,"LIME3_43372.31656767_9_29_8_47_36.Table.1.selections.txt",0.5,10,"no overlap",21.8213566542247
"LIME3_43372.31656767_9_29_8_47_36.wav",15,2.515528238,2.722110112,"LIME3_43372.31656767_9_29_8_47_36.Table.1.selections.txt",0.5,10,"no overlap",35.3379626370899
"LIME3_43372.31656767_9_29_8_47_36.wav",16,2.766473654,2.831297621,"LIME3_43372.31656767_9_29_8_47_36.Table.1.selections.txt",0.5,10,"no overlap",20.7381450629341
"LIME3_43372.31656767_9_29_8_47_36.wav",17,2.868339888,2.930670626,"LIME3_43372.31656767_9_29_8_47_36.Table.1.selections.txt",0.5,10,"no overlap",18.3286843028105
"LIME3_43372.31656767_9_29_8_47_36.wav",18,2.95489057,3.110539327,"LIME3_43372.31656767_9_29_8_47_36.Table.1.selections.txt",0.5,10,"no overlap",12.3959113440856
"LIME3_43372.31656767_9_29_8_47_36.wav",19,3.147298688,3.216040587,"LIME3_43372.31656767_9_29_8_47_36.Table.1.selections.txt",0.5,10,"no overlap",22.9507096475169
"LIME3_43372.31656767_9_29_8_47_36.wav",20,3.245959341,3.45218504,"LIME3_43372.31656767_9_29_8_47_36.Table.1.selections.txt",0.5,10,"no overlap",32.3906067506854
"LIME3_43372.31656767_9_29_8_47_36.wav",21,3.497057697,3.563662543,"LIME3_43372.31656767_9_29_8_47_36.Table.1.selections.txt",0.5,10,"no overlap",21.6651279432253
"LIME3_43372.31656767_9_29_8_47_36.wav",22,3.599992459,3.667665831,"LIME3_43372.31656767_9_29_8_47_36.Table.1.selections.txt",0.5,10,"no overlap",25.9720586131038
"LIME3_43372.31656767_9_29_8_47_36.wav",23,3.687585043,3.84572703,"LIME3_43372.31656767_9_29_8_47_36.Table.1.selections.txt",0.5,10,"no overlap",19.587088650924
"LIME3_43372.31656767_9_29_8_47_36.wav",24,3.87920754,3.949017967,"LIME3_43372.31656767_9_29_8_47_36.Table.1.selections.txt",0.5,10,"no overlap",17.6829131724096
"LIME3_43372.31656767_9_29_8_47_36.wav",25,3.9785108,4.188654431,"LIME3_43372.31656767_9_29_8_47_36.Table.1.selections.txt",0.5,10,"no overlap",33.8448472859327
"R29HP_43442.28304265_12_8_7_51_44.wav",1,0.304765087,0.419406152,"R29HP_43442.28304265_12_8_7_51_44.Table.1.selections.txt",0.5,10,"no overlap",15.1018939633594
"R29HP_43442.28304265_12_8_7_51_44.wav",2,0.520609437,0.62055293,"R29HP_43442.28304265_12_8_7_51_44.Table.1.selections.txt",0.5,10,"no overlap",14.5282555176381
"R29HP_43442.28304265_12_8_7_51_44.wav",3,0.701675201,0.804558209,"R29HP_43442.28304265_12_8_7_51_44.Table.1.selections.txt",0.5,10,"no overlap",17.825668356753
"R29HP_43442.28304265_12_8_7_51_44.wav",4,0.841092174,0.995626651,"R29HP_43442.28304265_12_8_7_51_44.Table.1.selections.txt",0.5,10,"no overlap",22.5806287697419
"R29HP_43442.28304265_12_8_7_51_44.wav",5,1.02136311,1.207392384,"R29HP_43442.28304265_12_8_7_51_44.Table.1.selections.txt",0.5,10,"no overlap",30.2641978288568
"R29HP_43442.28304265_12_8_7_51_44.wav",6,1.25652427,1.358147485,"R29HP_43442.28304265_12_8_7_51_44.Table.1.selections.txt",0.5,10,"no overlap",23.6639619589668
"R29HP_43442.28304265_12_8_7_51_44.wav",7,1.395627044,1.545542283,"R29HP_43442.28304265_12_8_7_51_44.Table.1.selections.txt",0.5,10,"no overlap",21.2107697434057
"R29HP_43442.28304265_12_8_7_51_44.wav",8,1.57661715,1.764326147,"R29HP_43442.28304265_12_8_7_51_44.Table.1.selections.txt",0.5,10,"no overlap",21.1896899365381
"R29HP_43442.28304265_12_8_7_51_44.wav",9,1.813968679,1.918951339,"R29HP_43442.28304265_12_8_7_51_44.Table.1.selections.txt",0.5,10,"no overlap",20.7003221055371
"R29HP_43442.28304265_12_8_7_51_44.wav",10,1.951481146,2.103915969,"R29HP_43442.28304265_12_8_7_51_44.Table.1.selections.txt",0.5,10,"no overlap",27.0744134502659
"R29HP_43442.28304265_12_8_7_51_44.wav",11,2.133581623,2.322550412,"R29HP_43442.28304265_12_8_7_51_44.Table.1.selections.txt",0.5,10,"no overlap",26.3702588591902
"R29HP_43442.28304265_12_8_7_51_44.wav",12,2.372927524,2.477910185,"R29HP_43442.28304265_12_8_7_51_44.Table.1.selections.txt",0.5,10,"no overlap",21.3920913461366
"R29HP_43442.28304265_12_8_7_51_44.wav",13,2.516123873,2.667718835,"R29HP_43442.28304265_12_8_7_51_44.Table.1.selections.txt",0.5,10,"no overlap",22.0985873402544
"R29HP_43442.28304265_12_8_7_51_44.wav",14,2.697354739,2.88758332,"R29HP_43442.28304265_12_8_7_51_44.Table.1.selections.txt",0.5,10,"no overlap",28.7593371836835
"R29HP_43442.28304265_12_8_7_51_44.wav",15,2.936715205,3.036238767,"R29HP_43442.28304265_12_8_7_51_44.Table.1.selections.txt",0.5,10,"no overlap",14.8199448086743
"R29HP_43442.28304265_12_8_7_51_44.wav",16,3.081981797,3.232736898,"R29HP_43442.28304265_12_8_7_51_44.Table.1.selections.txt",0.5,10,"no overlap",17.2821667940553
"R29HP_43442.28304265_12_8_7_51_44.wav",17,3.264651627,3.453620415,"R29HP_43442.28304265_12_8_7_51_44.Table.1.selections.txt",0.5,10,"no overlap",18.3419362144337
"R29HP_43442.28304265_12_8_7_51_44.wav",18,3.506682455,3.611665115,"R29HP_43442.28304265_12_8_7_51_44.Table.1.selections.txt",0.5,10,"no overlap",24.237834794833
"R29HP_43442.28304265_12_8_7_51_44.wav",19,3.646939289,3.801053835,"R29HP_43442.28304265_12_8_7_51_44.Table.1.selections.txt",0.5,10,"no overlap",21.065761382424
"R29HP_43442.28304265_12_8_7_51_44.wav",20,3.831814333,4.020363191,"R29HP_43442.28304265_12_8_7_51_44.Table.1.selections.txt",0.5,10,"no overlap",27.1401267324314
"R29HP_43442.28304265_12_8_7_51_44.wav",21,4.073694383,4.174057806,"R29HP_43442.28304265_12_8_7_51_44.Table.1.selections.txt",0.5,10,"no overlap",20.6397355135818
"R29HP_43442.28304265_12_8_7_51_44.wav",22,4.210757623,4.367391752,"R29HP_43442.28304265_12_8_7_51_44.Table.1.selections.txt",0.5,10,"no overlap",22.0634547520586
"R29HP_43442.28304265_12_8_7_51_44.wav",23,4.398046689,4.589535062,"R29HP_43442.28304265_12_8_7_51_44.Table.1.selections.txt",0.5,10,"no overlap",25.9404226157315
"R29HP_43442.28304265_12_8_7_51_44.wav",24,4.641892665,4.748974979,"R29HP_43442.28304265_12_8_7_51_44.Table.1.selections.txt",0.5,10,"no overlap",16.1034931229737
"R29HP_43442.28304265_12_8_7_51_44.wav",25,4.783829222,4.938363698,"R29HP_43442.28304265_12_8_7_51_44.Table.1.selections.txt",0.5,10,"no overlap",24.2059366425179
"R29HP_43442.28304265_12_8_7_51_44.wav",26,4.968284108,5.15977248,"R29HP_43442.28304265_12_8_7_51_44.Table.1.selections.txt",0.5,10,"no overlap",27.3447722470872
"R29HP_43442.28304265_12_8_7_51_44.wav",27,5.209324296,5.317666402,"R29HP_43442.28304265_12_8_7_51_44.Table.1.selections.txt",0.5,10,"no overlap",17.0531958151191
"R29HP_43442.28304265_12_8_7_51_44.wav",28,5.350901948,5.505436424,"R29HP_43442.28304265_12_8_7_51_44.Table.1.selections.txt",0.5,10,"no overlap",21.9109601934522
"R29HP_43442.28304265_12_8_7_51_44.wav",29,5.536931222,5.727999664,"R29HP_43442.28304265_12_8_7_51_44.Table.1.selections.txt",0.5,10,"no overlap",27.1547594093355
"R29HP_43442.28304265_12_8_7_51_44.wav",30,5.779816757,5.883119695,"R29HP_43442.28304265_12_8_7_51_44.Table.1.selections.txt",0.5,10,"no overlap",16.2004587588025
"R29HP_43442.28304265_12_8_7_51_44.wav",31,5.91923373,6.080067166,"R29HP_43442.28304265_12_8_7_51_44.Table.1.selections.txt",0.5,10,"no overlap",27.7740616269501
"R29HP_43442.28304265_12_8_7_51_44.wav",32,6.110513013,6.300741594,"R29HP_43442.28304265_12_8_7_51_44.Table.1.selections.txt",0.5,10,"no overlap",22.6548514850958
"R29HP_43442.28304265_12_8_7_51_44.wav",33,6.352812994,6.46199496,"R29HP_43442.28304265_12_8_7_51_44.Table.1.selections.txt",0.5,10,"no overlap",13.5293166627593
"R29HP_43442.28304265_12_8_7_51_44.wav",34,6.495245125,6.651459323,"R29HP_43442.28304265_12_8_7_51_44.Table.1.selections.txt",0.5,10,"no overlap",21.7586264437909
"R29HP_43442.28304265_12_8_7_51_44.wav",35,6.685893636,6.877382009,"R29HP_43442.28304265_12_8_7_51_44.Table.1.selections.txt",0.5,10,"no overlap",25.4376276178999
"R29HP_43442.28304265_12_8_7_51_44.wav",36,6.934373467,7.045655087,"R29HP_43442.28304265_12_8_7_51_44.Table.1.selections.txt",0.5,10,"no overlap",16.6146605163247
"R29HP_43442.28304265_12_8_7_51_44.wav",37,7.079669469,7.236303599,"R29HP_43442.28304265_12_8_7_51_44.Table.1.selections.txt",0.5,10,"no overlap",21.2846085678584
"R29HP_43442.28304265_12_8_7_51_44.wav",38,7.265654261,7.462181802,"R29HP_43442.28304265_12_8_7_51_44.Table.1.selections.txt",0.5,10,"no overlap",28.5491181875888
"R29HP_43442.28304265_12_8_7_51_44.wav",39,8.462264326,8.572286154,"R29HP_43442.28304265_12_8_7_51_44.Table.1.selections.txt",0.5,10,"no overlap",13.2809572895271
"R29HP_43442.28304265_12_8_7_51_44.wav",40,8.639475057,8.741518203,"R29HP_43442.28304265_12_8_7_51_44.Table.1.selections.txt",0.5,10,"no overlap",16.1298392661281
"R29HP_43442.28304265_12_8_7_51_44.wav",41,8.777303023,8.93267736,"R29HP_43442.28304265_12_8_7_51_44.Table.1.selections.txt",0.5,10,"no overlap",23.2408723149006
"R29HP_43442.28304265_12_8_7_51_44.wav",42,8.960812713,9.151041294,"R29HP_43442.28304265_12_8_7_51_44.Table.1.selections.txt",0.5,10,"no overlap",20.0248257558984
"R29HP_43442.28304265_12_8_7_51_44.wav",43,9.198973958,9.307316064,"R29HP_43442.28304265_12_8_7_51_44.Table.1.selections.txt",0.5,10,"no overlap",14.4221601456415
"R29HP_43442.28304265_12_8_7_51_44.wav",44,9.340490585,9.496704783,"R29HP_43442.28304265_12_8_7_51_44.Table.1.selections.txt",0.5,10,"no overlap",23.332207515028
"R29HP_43442.28304265_12_8_7_51_44.wav",45,9.524120227,9.71518867,"R29HP_43442.28304265_12_8_7_51_44.Table.1.selections.txt",0.5,10,"no overlap",23.6815518074108
"R29HP_43442.28304265_12_8_7_51_44.wav",46,9.76768,9.874342383,"R29HP_43442.28304265_12_8_7_51_44.Table.1.selections.txt",0.5,10,"no overlap",17.9423093439474
"R29HP_43442.28304265_12_8_7_51_44.wav",47,9.906273828,10.06458768,"R29HP_43442.28304265_12_8_7_51_44.Table.1.selections.txt",0.5,10,"no overlap",25.8229818543652
"R29HP_43442.28304265_12_8_7_51_44.wav",48,10.094537326,10.288125352,"R29HP_43442.28304265_12_8_7_51_44.Table.1.selections.txt",0.5,10,"no overlap",23.0942230541808
"R29HP_43442.28304265_12_8_7_51_44.wav",49,10.338936959,10.442239897,"R29HP_43442.28304265_12_8_7_51_44.Table.1.selections.txt",0.5,10,"no overlap",14.2892994368004
"R29HP_43442.28304265_12_8_7_51_44.wav",50,10.481009904,10.640163617,"R29HP_43442.28304265_12_8_7_51_44.Table.1.selections.txt",0.5,10,"no overlap",27.7658490239804
"R29HP_43442.28304265_12_8_7_51_44.wav",51,10.66829897,10.863986649,"R29HP_43442.28304265_12_8_7_51_44.Table.1.selections.txt",0.5,10,"no overlap",21.2966254728704
"R29HP_43442.28304265_12_8_7_51_44.wav",52,10.912849609,11.022031576,"R29HP_43442.28304265_12_8_7_51_44.Table.1.selections.txt",0.5,10,"no overlap",13.8374273454503
"R29HP_43442.28304265_12_8_7_51_44.wav",53,11.053946305,11.217299325,"R29HP_43442.28304265_12_8_7_51_44.Table.1.selections.txt",0.5,10,"no overlap",28.0743766974098
"R29HP_43442.28304265_12_8_7_51_44.wav",54,11.24688933,11.442157078,"R29HP_43442.28304265_12_8_7_51_44.Table.1.selections.txt",0.5,10,"no overlap",27.2708875524666
"R29HP_43442.28304265_12_8_7_51_44.wav",55,11.493388617,11.603830376,"R29HP_43442.28304265_12_8_7_51_44.Table.1.selections.txt",0.5,10,"no overlap",12.9759034333001
"R29HP_43442.28304265_12_8_7_51_44.wav",56,11.63843122,11.798424795,"R29HP_43442.28304265_12_8_7_51_44.Table.1.selections.txt",0.5,10,"no overlap",25.3878533448201
"R29HP_43442.28304265_12_8_7_51_44.wav",57,11.827400009,12.023087688,"R29HP_43442.28304265_12_8_7_51_44.Table.1.selections.txt",0.5,10,"no overlap",22.0246178148629
"R29HP_43442.28304265_12_8_7_51_44.wav",58,12.075354857,12.186636477,"R29HP_43442.28304265_12_8_7_51_44.Table.1.selections.txt",0.5,10,"no overlap",15.629279744633
"R29HP_43442.28304265_12_8_7_51_44.wav",59,12.221910651,12.381904225,"R29HP_43442.28304265_12_8_7_51_44.Table.1.selections.txt",0.5,10,"no overlap",24.5577955417062
"R29HP_43442.28304265_12_8_7_51_44.wav",60,12.412559162,12.609506633,"R29HP_43442.28304265_12_8_7_51_44.Table.1.selections.txt",0.5,10,"no overlap",28.810771171686
"R36_43455.29204222_12_21_8_6_44.wav",1,5.527543701,5.608452331,"R36_43455.29204222_12_21_8_6_44.Table.1.selections.txt",0.5,10,"no overlap",9.82750814164929
"R36_43455.29204222_12_21_8_6_44.wav",2,6.623049638,6.697920311,"R36_43455.29204222_12_21_8_6_44.Table.1.selections.txt",0.5,10,"no overlap",8.82720924736686
"R36_43455.29204222_12_21_8_6_44.wav",3,6.767960618,6.8416237,"R36_43455.29204222_12_21_8_6_44.Table.1.selections.txt",0.5,10,"no overlap",13.8792446701984
"R36_43455.29204222_12_21_8_6_44.wav",4,6.886304585,6.961175258,"R36_43455.29204222_12_21_8_6_44.Table.1.selections.txt",0.5,10,"no overlap",15.5481404208823
"R36_43455.29204222_12_21_8_6_44.wav",5,6.988346067,7.060197761,"R36_43455.29204222_12_21_8_6_44.Table.1.selections.txt",0.5,10,"no overlap",17.5308955658099
"R36_43455.29204222_12_21_8_6_44.wav",6,7.08579619,7.315238574,"R36_43455.29204222_12_21_8_6_44.Table.1.selections.txt",0.5,10,"no overlap",23.5849888829351
"R36_43455.29204222_12_21_8_6_44.wav",7,7.390109247,7.70649822,"R36_43455.29204222_12_21_8_6_44.Table.1.selections.txt",0.5,10,"no overlap",21.6702551279461
"R36_43455.29204222_12_21_8_6_44.wav",8,7.781812755,7.86211759,"R36_43455.29204222_12_21_8_6_44.Table.1.selections.txt",0.5,10,"no overlap",15.2995837358149
"R36_43455.29204222_12_21_8_6_44.wav",9,7.883250441,8.117523192,"R36_43455.29204222_12_21_8_6_44.Table.1.selections.txt",0.5,10,"no overlap",25.1755985509613
"R36_43455.29204222_12_21_8_6_44.wav",10,8.188301122,8.507709073,"R36_43455.29204222_12_21_8_6_44.Table.1.selections.txt",0.5,10,"no overlap",25.3204758502401
"R39Y212_43533.30691176_3_9_8_31_31.wav",1,0.525989999,0.595560583,"R39Y212_43533.30691176_3_9_8_31_31.Table.1.selections.txt",0.5,10,"no overlap",2.25034378183849
"R39Y212_43533.30691176_3_9_8_31_31.wav",2,0.618277508,0.68264213,"R39Y212_43533.30691176_3_9_8_31_31.Table.1.selections.txt",0.5,10,"no overlap",21.9963850512862
"R39Y212_43533.30691176_3_9_8_31_31.wav",3,0.707252132,0.773036562,"R39Y212_43533.30691176_3_9_8_31_31.Table.1.selections.txt",0.5,10,"no overlap",8.53535355936738
"R39Y212_43533.30691176_3_9_8_31_31.wav",4,0.797173295,0.863430994,"R39Y212_43533.30691176_3_9_8_31_31.Table.1.selections.txt",0.5,10,"no overlap",9.7238936625255
"R39Y212_43533.30691176_3_9_8_31_31.wav",5,0.888514265,0.954298695,"R39Y212_43533.30691176_3_9_8_31_31.Table.1.selections.txt",0.5,10,"no overlap",24.49425457541
"R39Y212_43533.30691176_3_9_8_31_31.wav",6,0.97748889,1.043746588,"R39Y212_43533.30691176_3_9_8_31_31.Table.1.selections.txt",0.5,10,"no overlap",6.80096379218395
"R39Y212_43533.30691176_3_9_8_31_31.wav",7,1.073028347,1.137866238,"R39Y212_43533.30691176_3_9_8_31_31.Table.1.selections.txt",0.5,10,"no overlap",13.2246032963846
"R39Y212_43533.30691176_3_9_8_31_31.wav",8,1.161056432,1.229680478,"R39Y212_43533.30691176_3_9_8_31_31.Table.1.selections.txt",0.5,10,"no overlap",10.2887690360035
"R39Y212_43533.30691176_3_9_8_31_31.wav",9,1.258549904,1.321967987,"R39Y212_43533.30691176_3_9_8_31_31.Table.1.selections.txt",0.5,10,"no overlap",17.18983899712
"R39Y212_43533.30691176_3_9_8_31_31.wav",10,1.345631451,1.41804165,"R39Y212_43533.30691176_3_9_8_31_31.Table.1.selections.txt",0.5,10,"no overlap",16.1351381508525
"R39Y212_43533.30691176_3_9_8_31_31.wav",11,1.442178383,1.509382621,"R39Y212_43533.30691176_3_9_8_31_31.Table.1.selections.txt",0.5,10,"no overlap",13.2950811846362
"R39Y212_43533.30691176_3_9_8_31_31.wav",12,1.535375854,1.602106822,"R39Y212_43533.30691176_3_9_8_31_31.Table.1.selections.txt",0.5,10,"no overlap",10.0497042706691
"R39Y212_43533.30691176_3_9_8_31_31.wav",13,1.621037593,1.700073563,"R39Y212_43533.30691176_3_9_8_31_31.Table.1.selections.txt",0.5,10,"no overlap",11.3160854973527
"R39Y212_43533.30691176_3_9_8_31_31.wav",14,1.729416258,1.792834341,"R39Y212_43533.30691176_3_9_8_31_31.Table.1.selections.txt",0.5,10,"no overlap",15.7949894091042
"R39Y212_43533.30691176_3_9_8_31_31.wav",15,1.811765112,1.949486472,"R39Y212_43533.30691176_3_9_8_31_31.Table.1.selections.txt",0.5,10,"no overlap",19.5631881931618
"R39Y212_43533.30691176_3_9_8_31_31.wav",16,1.962301061,2.135990886,"R39Y212_43533.30691176_3_9_8_31_31.Table.1.selections.txt",0.5,10,"no overlap",18.762041915334
"R39Y212_43533.30691176_3_9_8_31_31.wav",17,2.166407273,2.228878817,"R39Y212_43533.30691176_3_9_8_31_31.Table.1.selections.txt",0.5,10,"no overlap",9.03817853940613
"R39Y212_43533.30691176_3_9_8_31_31.wav",18,2.249702665,2.310281133,"R39Y212_43533.30691176_3_9_8_31_31.Table.1.selections.txt",0.5,10,"no overlap",4.54359266382488
"R39Y212_43533.30691176_3_9_8_31_31.wav",19,2.333944597,2.401622103,"R39Y212_43533.30691176_3_9_8_31_31.Table.1.selections.txt",0.5,10,"no overlap",14.2850268977949
"R39Y212_43533.30691176_3_9_8_31_31.wav",20,2.415346912,2.553541541,"R39Y212_43533.30691176_3_9_8_31_31.Table.1.selections.txt",0.5,10,"no overlap",14.9091242023213
"R39Y212_43533.30691176_3_9_8_31_31.wav",21,2.569565689,2.743728783,"R39Y212_43533.30691176_3_9_8_31_31.Table.1.selections.txt",0.5,10,"no overlap",7.21194652910102
"R39Y212_43533.30691176_3_9_8_31_31.wav",22,2.775911094,2.835543022,"R39Y212_43533.30691176_3_9_8_31_31.Table.1.selections.txt",0.5,10,"no overlap",13.2199712700163
"R39Y212_43533.30691176_3_9_8_31_31.wav",23,2.859206486,2.921678031,"R39Y212_43533.30691176_3_9_8_31_31.Table.1.selections.txt",0.5,10,"no overlap",8.59525044402372
"R39Y212_43533.30691176_3_9_8_31_31.wav",24,2.94093628,3.007193979,"R39Y212_43533.30691176_3_9_8_31_31.Table.1.selections.txt",0.5,10,"no overlap",12.2968959759088
"R39Y212_43533.30691176_3_9_8_31_31.wav",25,3.023285134,3.161479763,"R39Y212_43533.30691176_3_9_8_31_31.Table.1.selections.txt",0.5,10,"no overlap",15.7140554424574
"R39Y212_43533.30691176_3_9_8_31_31.wav",26,3.180410534,3.352207282,"R39Y212_43533.30691176_3_9_8_31_31.Table.1.selections.txt",0.5,10,"no overlap",19.8543040107695
"R39Y212_43533.30691176_3_9_8_31_31.wav",27,3.385044715,3.443256836,"R39Y212_43533.30691176_3_9_8_31_31.Table.1.selections.txt",0.5,10,"no overlap",15.1830113485816
"R39Y212_43533.30691176_3_9_8_31_31.wav",28,3.471179723,3.53175819,"R39Y212_43533.30691176_3_9_8_31_31.Table.1.selections.txt",0.5,10,"no overlap",0.242715559176071
"R39Y212_43533.30691176_3_9_8_31_31.wav",29,3.553055308,3.619786276,"R39Y212_43533.30691176_3_9_8_31_31.Table.1.selections.txt",0.5,10,"no overlap",9.28683333764235
"R39Y212_43533.30691176_3_9_8_31_31.wav",30,3.636866361,3.775534259,"R39Y212_43533.30691176_3_9_8_31_31.Table.1.selections.txt",0.5,10,"no overlap",18.122602854164
"R39Y212_43533.30691176_3_9_8_31_31.wav",31,3.792571953,3.968154855,"R39Y212_43533.30691176_3_9_8_31_31.Table.1.selections.txt",0.5,10,"no overlap",10.9668208302794
"R39Y212_43533.30691176_3_9_8_31_31.wav",32,4.002381663,4.062486862,"R39Y212_43533.30691176_3_9_8_31_31.Table.1.selections.txt",0.5,10,"no overlap",16.9486963678016
"R39Y212_43533.30691176_3_9_8_31_31.wav",33,4.086623595,4.150041678,"R39Y212_43533.30691176_3_9_8_31_31.Table.1.selections.txt",0.5,10,"no overlap",6.22939428250998
"R39Y212_43533.30691176_3_9_8_31_31.wav",34,4.171812065,4.239489571,"R39Y212_43533.30691176_3_9_8_31_31.Table.1.selections.txt",0.5,10,"no overlap",12.3137556998258
"R39Y212_43533.30691176_3_9_8_31_31.wav",35,4.254160919,4.393775356,"R39Y212_43533.30691176_3_9_8_31_31.Table.1.selections.txt",0.5,10,"no overlap",23.4109189220191
"R39Y212_43533.30691176_3_9_8_31_31.wav",36,4.409520211,4.585103113,"R39Y212_43533.30691176_3_9_8_31_31.Table.1.selections.txt",0.5,10,"no overlap",16.2326233202685
"R39Y212_43533.30691176_3_9_8_31_31.wav",37,4.620125039,4.682123315,"R39Y212_43533.30691176_3_9_8_31_31.Table.1.selections.txt",0.5,10,"no overlap",15.6239059032979
"R39Y212_43533.30691176_3_9_8_31_31.wav",38,4.705829537,4.766408005,"R39Y212_43533.30691176_3_9_8_31_31.Table.1.selections.txt",0.5,10,"no overlap",3.20901137781772
"R39Y212_43533.30691176_3_9_8_31_31.wav",39,4.793384354,4.862481668,"R39Y212_43533.30691176_3_9_8_31_31.Table.1.selections.txt",0.5,10,"no overlap",11.8302776449942
"R39Y212_43533.30691176_3_9_8_31_31.wav",40,4.8743134,5.015820914,"R39Y212_43533.30691176_3_9_8_31_31.Table.1.selections.txt",0.5,10,"no overlap",24.1087958270756
"R39Y212_43533.30691176_3_9_8_31_31.wav",41,5.0314388,5.204655356,"R39Y212_43533.30691176_3_9_8_31_31.Table.1.selections.txt",0.5,10,"no overlap",18.5464792727934
"R39Y212_43533.30691176_3_9_8_31_31.wav",42,5.240732685,5.300364614,"R39Y212_43533.30691176_3_9_8_31_31.Table.1.selections.txt",0.5,10,"no overlap",9.77627112380208
"R39Y212_43533.30691176_3_9_8_31_31.wav",43,5.328760771,5.387446161,"R39Y212_43533.30691176_3_9_8_31_31.Table.1.selections.txt",0.5,10,"no overlap",7.86400281538406
"R39Y212_43533.30691176_3_9_8_31_31.wav",44,5.413002702,5.47973367,"R39Y212_43533.30691176_3_9_8_31_31.Table.1.selections.txt",0.5,10,"no overlap",11.8726850913467
"R39Y212_43533.30691176_3_9_8_31_31.wav",45,5.494137685,5.635171929,"R39Y212_43533.30691176_3_9_8_31_31.Table.1.selections.txt",0.5,10,"no overlap",18.9137078352889
"R39Y212_43533.30691176_3_9_8_31_31.wav",46,5.651263085,5.829685602,"R39Y212_43533.30691176_3_9_8_31_31.Table.1.selections.txt",0.5,10,"no overlap",18.5950871984181
"R39Y212_43533.30691176_3_9_8_31_31.wav",47,5.86376099,5.924812727,"R39Y212_43533.30691176_3_9_8_31_31.Table.1.selections.txt",0.5,10,"no overlap",15.1810882354143
"R39Y212_43533.30691176_3_9_8_31_31.wav",48,5.94888282,6.006621672,"R39Y212_43533.30691176_3_9_8_31_31.Table.1.selections.txt",0.5,10,"no overlap",12.580487517314
"R39Y212_43533.30691176_3_9_8_31_31.wav",49,6.033124752,6.09938245,"R39Y212_43533.30691176_3_9_8_31_31.Table.1.selections.txt",0.5,10,"no overlap",19.7624586167388
"R39Y212_43533.30691176_3_9_8_31_31.wav",50,6.114527067,6.254614773,"R39Y212_43533.30691176_3_9_8_31_31.Table.1.selections.txt",0.5,10,"no overlap",19.4862412609513
"R39Y212_43533.30691176_3_9_8_31_31.wav",51,6.271530576,6.448060016,"R39Y212_43533.30691176_3_9_8_31_31.Table.1.selections.txt",0.5,10,"no overlap",21.5321154892256
"R39Y212_43533.30691176_3_9_8_31_31.wav",52,6.483555212,6.545080218,"R39Y212_43533.30691176_3_9_8_31_31.Table.1.selections.txt",0.5,10,"no overlap",22.2803574252009
"R39Y212_43533.30691176_3_9_8_31_31.wav",53,6.567797143,6.630268688,"R39Y212_43533.30691176_3_9_8_31_31.Table.1.selections.txt",0.5,10,"no overlap",14.4230930483211
"R39Y212_43533.30691176_3_9_8_31_31.wav",54,6.657002524,6.719947338,"R39Y212_43533.30691176_3_9_8_31_31.Table.1.selections.txt",0.5,10,"no overlap",16.2381358442706
"R39Y212_43533.30691176_3_9_8_31_31.wav",55,6.736985032,6.876599468,"R39Y212_43533.30691176_3_9_8_31_31.Table.1.selections.txt",0.5,10,"no overlap",24.0599287911278
"R39Y212_43533.30691176_3_9_8_31_31.wav",56,6.894261853,7.071264562,"R39Y212_43533.30691176_3_9_8_31_31.Table.1.selections.txt",0.5,10,"no overlap",24.876529241525
"R39Y212_43533.30691176_3_9_8_31_31.wav",57,7.102973604,7.165918418,"R39Y212_43533.30691176_3_9_8_31_31.Table.1.selections.txt",0.5,10,"no overlap",18.7374305533778
"R39Y212_43533.30691176_3_9_8_31_31.wav",58,7.191050059,7.254941412,"R39Y212_43533.30691176_3_9_8_31_31.Table.1.selections.txt",0.5,10,"no overlap",7.95271728325716
"R39Y212_43533.30691176_3_9_8_31_31.wav",59,7.277185068,7.347228921,"R39Y212_43533.30691176_3_9_8_31_31.Table.1.selections.txt",0.5,10,"no overlap",16.8692823249696
"R39Y212_43533.30691176_3_9_8_31_31.wav",60,7.36095373,7.503881052,"R39Y212_43533.30691176_3_9_8_31_31.Table.1.selections.txt",0.5,10,"no overlap",21.3889063797173
"R39Y212_43533.30691176_3_9_8_31_31.wav",61,7.517605861,7.698394725,"R39Y212_43533.30691176_3_9_8_31_31.Table.1.selections.txt",0.5,10,"no overlap",16.6889633296105
"R39Y212_43533.30691176_3_9_8_31_31.wav",62,7.73140803,7.794826113,"R39Y212_43533.30691176_3_9_8_31_31.Table.1.selections.txt",0.5,10,"no overlap",15.7533458109171
"R39Y212_43533.30691176_3_9_8_31_31.wav",63,7.819909385,7.88238093,"R39Y212_43533.30691176_3_9_8_31_31.Table.1.selections.txt",0.5,10,"no overlap",13.4213439181261
"R39Y212_43533.30691176_3_9_8_31_31.wav",64,7.911723625,7.979874401,"R39Y212_43533.30691176_3_9_8_31_31.Table.1.selections.txt",0.5,10,"no overlap",18.0890009164547
"R39Y212_43533.30691176_3_9_8_31_31.wav",65,7.996438825,8.13747307,"R39Y212_43533.30691176_3_9_8_31_31.Table.1.selections.txt",0.5,10,"no overlap",25.3936376762387
"R39Y212_43533.30691176_3_9_8_31_31.wav",66,8.156889069,8.335311587,"R39Y212_43533.30691176_3_9_8_31_31.Table.1.selections.txt",0.5,10,"no overlap",28.9775962401301
